Year,PolicyNo,TotalPremium,BonusMalus,WeightClass,Region,Age,Mileage,Usage,PremiumClass,NoClaims,GrossIncurred,Exposure
2006,POL896697,6885,1,650,Rural,18-23,0-7500,PrivateUse,0-47.7k,1,1144.83323746685,2
2007,POL896697,6885,1,650,Rural,18-23,0-7500,PrivateUse,0-47.7k,0,0,3
2009,POL896697,6885,1,650,Rural,18-23,0-7500,PrivateUse,0-47.7k,0,0,1
2010,POL896697,6885,1,650,Rural,18-23,0-7500,PrivateUse,0-47.7k,0,0,1
2006,POL947685,10813,6,935,Rural,18-23,0-7500,PrivateUse,0-47.7k,0,0,2
2008,POL947685,10813,6,935,Rural,18-23,0-7500,PrivateUse,0-47.7k,1,8755.39056609148,4
2009,POL947685,10813,6,935,Rural,18-23,0-7500,PrivateUse,0-47.7k,1,6053.38878280878,4
2010,POL947685,10813,6,935,Rural,18-23,0-7500,PrivateUse,0-47.7k,0,0,3
2006,POL15101,11431,5,1030,Rural,18-23,0-7500,PrivateUse,0-47.7k,0,0,1
2007,POL15101,11431,5,1030,Rural,18-23,0-7500,PrivateUse,0-47.7k,1,4417.86877841125,3
2008,POL15101,11431,5,1030,Rural,18-23,0-7500,PrivateUse,0-47.7k,0,0,6
2009,POL15101,11431,5,1030,Rural,18-23,0-7500,PrivateUse,0-47.7k,2,3534.094995427,5
2006,POL229866,0,12,1600,Rural,18-23,0-7500,PrivateUse,0-47.7k,0,0,1
2009,POL229866,0,12,1600,Rural,18-23,0-7500,PrivateUse,0-47.7k,0,0,1
2006,POL383320,8306,10,1315,Town,18-23,0-7500,PrivateUse,0-47.7k,2,2477,5
2007,POL383320,8306,10,1315,Town,18-23,0-7500,PrivateUse,0-47.7k,0,0,1
2008,POL383320,8306,10,1315,Town,18-23,0-7500,PrivateUse,0-47.7k,0,0,3
2009,POL383320,8306,10,1315,Town,18-23,0-7500,PrivateUse,0-47.7k,0,0,3
2007,POL212923,5982,10,1600,Town,18-23,0-7500,PrivateUse,0-47.7k,0,0,2
2008,POL212923,5982,10,1600,Town,18-23,0-7500,PrivateUse,0-47.7k,1,1502.54382072302,3
2009,POL212923,5982,10,1600,Town,18-23,0-7500,PrivateUse,0-47.7k,0,0,2
2010,POL212923,5982,10,1600,Town,18-23,0-7500,PrivateUse,0-47.7k,1,2977.99973688877,1
2006,POL426905,1980,10,650,City,18-23,0-7500,PrivateUse,0-47.7k,0,0,3
2007,POL426905,1980,10,650,City,18-23,0-7500,PrivateUse,0-47.7k,1,851.397459624923,1
2009,POL426905,1980,10,650,City,18-23,0-7500,PrivateUse,0-47.7k,0,0,2
2006,POL498103,7882,6,840,City,18-23,0-7500,PrivateUse,0-47.7k,0,0,2
2008,POL498103,7882,6,840,City,18-23,0-7500,PrivateUse,0-47.7k,1,519.015397189218,3
2009,POL498103,7882,6,840,City,18-23,0-7500,PrivateUse,0-47.7k,0,0,4
2006,POL991099,16200,1,1125,City,18-23,0-7500,PrivateUse,0-47.7k,1,3287.07740965004,2
2007,POL991099,16200,1,1125,City,18-23,0-7500,PrivateUse,0-47.7k,1,2028.58127528595,2
2008,POL991099,16200,1,1125,City,18-23,0-7500,PrivateUse,0-47.7k,1,3327.86004864961,4
2010,POL991099,16200,1,1125,City,18-23,0-7500,PrivateUse,0-47.7k,1,2489.88248786176,2
2006,POL874283,14902,2,1220,City,18-23,0-7500,PrivateUse,0-47.7k,1,1227.64259443214,3
2007,POL874283,14902,2,1220,City,18-23,0-7500,PrivateUse,0-47.7k,1,1916.5693622258,1
2008,POL874283,14902,2,1220,City,18-23,0-7500,PrivateUse,0-47.7k,0,0,2
2009,POL874283,14902,2,1220,City,18-23,0-7500,PrivateUse,0-47.7k,1,965.690146096688,2
2010,POL874283,14902,2,1220,City,18-23,0-7500,PrivateUse,0-47.7k,1,1522.81930996233,1
2006,POL202226,26507,7,650,Rural,24-64,0-7500,PrivateUse,0-47.7k,1,1292.04069901351,14
2007,POL202226,26507,7,650,Rural,24-64,0-7500,PrivateUse,0-47.7k,0,0,9
2008,POL202226,26507,7,650,Rural,24-64,0-7500,PrivateUse,0-47.7k,0,0,8
2009,POL202226,26507,7,650,Rural,24-64,0-7500,PrivateUse,0-47.7k,1,2143.15072676871,10
2010,POL202226,26507,7,650,Rural,24-64,0-7500,PrivateUse,0-47.7k,1,1361.26067927965,15
2006,POL88325,44494,13,935,City,24-64,0-7500,PrivateUse,0-47.7k,4,5373.20770340687,23
2007,POL88325,44494,13,935,City,24-64,0-7500,PrivateUse,0-47.7k,0,0,24
2008,POL88325,44494,13,935,City,24-64,0-7500,PrivateUse,0-47.7k,1,1030.49265067266,15
2009,POL88325,44494,13,935,City,24-64,0-7500,PrivateUse,0-47.7k,4,4177.24315374328,21
2010,POL88325,44494,13,935,City,24-64,0-7500,PrivateUse,0-47.7k,0,0,19
2006,POL520323,10916,10,935,Rural,>65,0-7500,PrivateUse,0-47.7k,1,1786.30529816666,8
2007,POL520323,10916,10,935,Rural,>65,0-7500,PrivateUse,0-47.7k,0,0,6
2008,POL520323,10916,10,935,Rural,>65,0-7500,PrivateUse,0-47.7k,1,2488.16129459606,3
2009,POL520323,10916,10,935,Rural,>65,0-7500,PrivateUse,0-47.7k,0,0,5
2010,POL520323,10916,10,935,Rural,>65,0-7500,PrivateUse,0-47.7k,0,0,6
2006,POL820321,9732,12,935,Rural,>65,0-7500,PrivateUse,0-47.7k,0,0,7
2007,POL820321,9732,12,935,Rural,>65,0-7500,PrivateUse,0-47.7k,0,0,8
2008,POL820321,9732,12,935,Rural,>65,0-7500,PrivateUse,0-47.7k,0,0,4
2009,POL820321,9732,12,935,Rural,>65,0-7500,PrivateUse,0-47.7k,0,0,1
2010,POL820321,9732,12,935,Rural,>65,0-7500,PrivateUse,0-47.7k,0,0,5
2006,POL611079,17963,7,1030,Rural,>65,0-7500,PrivateUse,0-47.7k,0,0,7
2007,POL611079,17963,7,1030,Rural,>65,0-7500,PrivateUse,0-47.7k,1,2239.1605960623,9
2008,POL611079,17963,7,1030,Rural,>65,0-7500,PrivateUse,0-47.7k,1,2881.0912513633,3
2009,POL611079,17963,7,1030,Rural,>65,0-7500,PrivateUse,0-47.7k,2,2677.25489051473,9
2010,POL611079,17963,7,1030,Rural,>65,0-7500,PrivateUse,0-47.7k,0,0,4
2006,POL961459,24477,6,1410,Rural,>65,0-7500,PrivateUse,0-47.7k,1,2263.20925552166,7
2007,POL961459,24477,6,1410,Rural,>65,0-7500,PrivateUse,0-47.7k,0,0,5
2008,POL961459,24477,6,1410,Rural,>65,0-7500,PrivateUse,0-47.7k,1,1737.65956421675,6
2009,POL961459,24477,6,1410,Rural,>65,0-7500,PrivateUse,0-47.7k,0,0,6
2010,POL961459,24477,6,1410,Rural,>65,0-7500,PrivateUse,0-47.7k,2,4997.63240554009,6
2006,POL868096,40052,3,1505,Rural,>65,0-7500,PrivateUse,0-47.7k,1,2214.50374416057,3
2007,POL868096,40052,3,1505,Rural,>65,0-7500,PrivateUse,0-47.7k,6,15704.5991400779,10
2008,POL868096,40052,3,1505,Rural,>65,0-7500,PrivateUse,0-47.7k,1,2813.21208762599,6
2009,POL868096,40052,3,1505,Rural,>65,0-7500,PrivateUse,0-47.7k,2,4649.14591043299,5
2010,POL868096,40052,3,1505,Rural,>65,0-7500,PrivateUse,0-47.7k,0,0,7
2006,POL191271,9568,13,745,Town,>65,0-7500,PrivateUse,0-47.7k,2,755.78438446793,8
2007,POL191271,9568,13,745,Town,>65,0-7500,PrivateUse,0-47.7k,0,0,3
2008,POL191271,9568,13,745,Town,>65,0-7500,PrivateUse,0-47.7k,0,0,7
2009,POL191271,9568,13,745,Town,>65,0-7500,PrivateUse,0-47.7k,0,0,4
2010,POL191271,9568,13,745,Town,>65,0-7500,PrivateUse,0-47.7k,2,997.735494911279,12
2006,POL930288,16175,11,1125,Town,>65,0-7500,PrivateUse,0-47.7k,2,3028.308816941,7
2007,POL930288,16175,11,1125,Town,>65,0-7500,PrivateUse,0-47.7k,1,1763.68998001827,8
2008,POL930288,16175,11,1125,Town,>65,0-7500,PrivateUse,0-47.7k,0,0,7
2009,POL930288,16175,11,1125,Town,>65,0-7500,PrivateUse,0-47.7k,3,5015.71528749962,14
2010,POL930288,16175,11,1125,Town,>65,0-7500,PrivateUse,0-47.7k,1,1045.10358568223,10
2006,POL313705,23062,9,1410,Town,>65,0-7500,PrivateUse,0-47.7k,0,0,6
2007,POL313705,23062,9,1410,Town,>65,0-7500,PrivateUse,0-47.7k,0,0,7
2008,POL313705,23062,9,1410,Town,>65,0-7500,PrivateUse,0-47.7k,1,954.850576372231,11
2009,POL313705,23062,9,1410,Town,>65,0-7500,PrivateUse,0-47.7k,0,0,7
2010,POL313705,23062,9,1410,Town,>65,0-7500,PrivateUse,0-47.7k,1,1108.93562323696,11
2006,POL295023,25546,4,1220,City,>65,0-7500,PrivateUse,0-47.7k,0,0,4
2007,POL295023,25546,4,1220,City,>65,0-7500,PrivateUse,0-47.7k,1,1729.64070413113,4
2008,POL295023,25546,4,1220,City,>65,0-7500,PrivateUse,0-47.7k,0,0,2
2009,POL295023,25546,4,1220,City,>65,0-7500,PrivateUse,0-47.7k,0,0,8
2010,POL295023,25546,4,1220,City,>65,0-7500,PrivateUse,0-47.7k,1,798.916619736742,6
2006,POL891872,11425,12,1220,City,>65,0-7500,PrivateUse,0-47.7k,0,0,4
2007,POL891872,11425,12,1220,City,>65,0-7500,PrivateUse,0-47.7k,0,0,3
2008,POL891872,11425,12,1220,City,>65,0-7500,PrivateUse,0-47.7k,0,0,5
2009,POL891872,11425,12,1220,City,>65,0-7500,PrivateUse,0-47.7k,0,0,5
2010,POL891872,11425,12,1220,City,>65,0-7500,PrivateUse,0-47.7k,0,0,5
2006,POL536897,13992,10,1315,City,>65,0-7500,PrivateUse,0-47.7k,0,0,2
2007,POL536897,13992,10,1315,City,>65,0-7500,PrivateUse,0-47.7k,0,0,5
2008,POL536897,13992,10,1315,City,>65,0-7500,PrivateUse,0-47.7k,0,0,9
2009,POL536897,13992,10,1315,City,>65,0-7500,PrivateUse,0-47.7k,1,562.056580792003,6
2010,POL536897,13992,10,1315,City,>65,0-7500,PrivateUse,0-47.7k,1,756.541186666967,5
2006,POL775143,13396,11,1315,City,>65,0-7500,PrivateUse,0-47.7k,1,1216.03583443097,6
2007,POL775143,13396,11,1315,City,>65,0-7500,PrivateUse,0-47.7k,1,559.309349816521,4
2008,POL775143,13396,11,1315,City,>65,0-7500,PrivateUse,0-47.7k,2,1586.4959723826,5
2009,POL775143,13396,11,1315,City,>65,0-7500,PrivateUse,0-47.7k,0,0,1
2010,POL775143,13396,11,1315,City,>65,0-7500,PrivateUse,0-47.7k,2,1519.68618828415,5
2006,POL923704,7724,8,935,Rural,18-23,7500-12500,PrivateUse,0-47.7k,0,0,3
2007,POL923704,7724,8,935,Rural,18-23,7500-12500,PrivateUse,0-47.7k,0,0,4
2008,POL923704,7724,8,935,Rural,18-23,7500-12500,PrivateUse,0-47.7k,0,0,1
2009,POL923704,7724,8,935,Rural,18-23,7500-12500,PrivateUse,0-47.7k,0,0,4
2010,POL923704,7724,8,935,Rural,18-23,7500-12500,PrivateUse,0-47.7k,0,0,2
2008,POL995829,0,11,1125,Rural,18-23,7500-12500,PrivateUse,0-47.7k,0,0,1
2007,POL342482,11808,5,1315,Rural,18-23,7500-12500,PrivateUse,0-47.7k,1,2966.08372044884,1
2008,POL342482,11808,5,1315,Rural,18-23,7500-12500,PrivateUse,0-47.7k,1,1482.92422227894,1
2009,POL342482,11808,5,1315,Rural,18-23,7500-12500,PrivateUse,0-47.7k,0,0,4
2010,POL342482,11808,5,1315,Rural,18-23,7500-12500,PrivateUse,0-47.7k,0,0,5
2006,POL878276,10758,5,1030,Town,18-23,7500-12500,PrivateUse,0-47.7k,1,4561.98644052235,5
2007,POL878276,10758,5,1030,Town,18-23,7500-12500,PrivateUse,0-47.7k,2,6825.04513537429,2
2008,POL878276,10758,5,1030,Town,18-23,7500-12500,PrivateUse,0-47.7k,0,0,4
2009,POL878276,10758,5,1030,Town,18-23,7500-12500,PrivateUse,0-47.7k,2,4750.1220184522,3
2010,POL878276,10758,5,1030,Town,18-23,7500-12500,PrivateUse,0-47.7k,0,0,2
2006,POL628668,10644,6,1220,Town,18-23,7500-12500,PrivateUse,0-47.7k,1,1283.6084105332,5
2007,POL628668,10644,6,1220,Town,18-23,7500-12500,PrivateUse,0-47.7k,1,2252.60023296336,2
2008,POL628668,10644,6,1220,Town,18-23,7500-12500,PrivateUse,0-47.7k,0,0,1
2009,POL628668,10644,6,1220,Town,18-23,7500-12500,PrivateUse,0-47.7k,1,965.602712662011,2
2010,POL628668,10644,6,1220,Town,18-23,7500-12500,PrivateUse,0-47.7k,3,6272.13567443559,5
2006,POL311772,21434,1,1315,Town,18-23,7500-12500,PrivateUse,0-47.7k,0,0,1
2007,POL311772,21434,1,1315,Town,18-23,7500-12500,PrivateUse,0-47.7k,0,0,2
2008,POL311772,21434,1,1315,Town,18-23,7500-12500,PrivateUse,0-47.7k,2,10725.4852292858,6
2009,POL311772,21434,1,1315,Town,18-23,7500-12500,PrivateUse,0-47.7k,1,5183.58613753926,1
2010,POL311772,21434,1,1315,Town,18-23,7500-12500,PrivateUse,0-47.7k,1,3937.92317199269,1
2006,POL442510,24404,1,1410,Town,18-23,7500-12500,PrivateUse,0-47.7k,3,4301.06050132867,5
2007,POL442510,24404,1,1410,Town,18-23,7500-12500,PrivateUse,0-47.7k,0,0,1
2008,POL442510,24404,1,1410,Town,18-23,7500-12500,PrivateUse,0-47.7k,2,2426.65504490897,2
2009,POL442510,24404,1,1410,Town,18-23,7500-12500,PrivateUse,0-47.7k,0,0,1
2010,POL442510,24404,1,1410,Town,18-23,7500-12500,PrivateUse,0-47.7k,1,913.779285443131,2
2006,POL537109,13785,5,1600,City,18-23,7500-12500,PrivateUse,0-47.7k,0,0,1
2007,POL537109,13785,5,1600,City,18-23,7500-12500,PrivateUse,0-47.7k,1,409,3
2008,POL537109,13785,5,1600,City,18-23,7500-12500,PrivateUse,0-47.7k,0,0,3
2009,POL537109,13785,5,1600,City,18-23,7500-12500,PrivateUse,0-47.7k,0,0,1
2010,POL537109,13785,5,1600,City,18-23,7500-12500,PrivateUse,0-47.7k,0,0,2
2006,POL181868,12554,6,1600,City,18-23,7500-12500,PrivateUse,0-47.7k,0,0,1
2007,POL181868,12554,6,1600,City,18-23,7500-12500,PrivateUse,0-47.7k,2,5225.36320793484,2
2008,POL181868,12554,6,1600,City,18-23,7500-12500,PrivateUse,0-47.7k,1,2058.156243766,3
2009,POL181868,12554,6,1600,City,18-23,7500-12500,PrivateUse,0-47.7k,0,0,2
2010,POL181868,12554,6,1600,City,18-23,7500-12500,PrivateUse,0-47.7k,1,2854.61723758484,4
2006,POL478574,21888,8,650,Rural,24-64,7500-12500,PrivateUse,0-47.7k,1,1851.84510853551,9
2007,POL478574,21888,8,650,Rural,24-64,7500-12500,PrivateUse,0-47.7k,0,0,6
2008,POL478574,21888,8,650,Rural,24-64,7500-12500,PrivateUse,0-47.7k,0,0,15
2009,POL478574,21888,8,650,Rural,24-64,7500-12500,PrivateUse,0-47.7k,1,1497.52599625838,14
2010,POL478574,21888,8,650,Rural,24-64,7500-12500,PrivateUse,0-47.7k,0,0,7
2006,POL601536,15459,11,650,Rural,24-64,7500-12500,PrivateUse,0-47.7k,0,0,11
2007,POL601536,15459,11,650,Rural,24-64,7500-12500,PrivateUse,0-47.7k,1,646.894731757445,12
2008,POL601536,15459,11,650,Rural,24-64,7500-12500,PrivateUse,0-47.7k,0,0,6
2009,POL601536,15459,11,650,Rural,24-64,7500-12500,PrivateUse,0-47.7k,0,0,6
2010,POL601536,15459,11,650,Rural,24-64,7500-12500,PrivateUse,0-47.7k,0,0,7
2006,POL843072,24525,8,650,Town,24-64,7500-12500,PrivateUse,0-47.7k,0,0,7
2007,POL843072,24525,8,650,Town,24-64,7500-12500,PrivateUse,0-47.7k,1,3063.4512168655,5
2008,POL843072,24525,8,650,Town,24-64,7500-12500,PrivateUse,0-47.7k,1,2452.05667786971,15
2009,POL843072,24525,8,650,Town,24-64,7500-12500,PrivateUse,0-47.7k,1,1970.41592106968,21
2010,POL843072,24525,8,650,Town,24-64,7500-12500,PrivateUse,0-47.7k,0,0,8
2006,POL476023,41766,13,840,Town,24-64,7500-12500,PrivateUse,0-47.7k,0,0,23
2007,POL476023,41766,13,840,Town,24-64,7500-12500,PrivateUse,0-47.7k,0,0,15
2008,POL476023,41766,13,840,Town,24-64,7500-12500,PrivateUse,0-47.7k,0,0,24
2009,POL476023,41766,13,840,Town,24-64,7500-12500,PrivateUse,0-47.7k,2,3793.32500326224,24
2010,POL476023,41766,13,840,Town,24-64,7500-12500,PrivateUse,0-47.7k,0,0,23
2006,POL715742,9617,12,1220,Rural,>65,7500-12500,PrivateUse,0-47.7k,1,5150.31683872525,9
2007,POL715742,9617,12,1220,Rural,>65,7500-12500,PrivateUse,0-47.7k,1,3500.99149953694,4
2009,POL715742,9617,12,1220,Rural,>65,7500-12500,PrivateUse,0-47.7k,1,3733.91660893222,2
2010,POL715742,9617,12,1220,Rural,>65,7500-12500,PrivateUse,0-47.7k,1,4334.31405544491,5
2006,POL617245,10237,13,1220,Rural,>65,7500-12500,PrivateUse,0-47.7k,0,0,2
2007,POL617245,10237,13,1220,Rural,>65,7500-12500,PrivateUse,0-47.7k,0,0,4
2008,POL617245,10237,13,1220,Rural,>65,7500-12500,PrivateUse,0-47.7k,0,0,3
2009,POL617245,10237,13,1220,Rural,>65,7500-12500,PrivateUse,0-47.7k,1,784.186160556043,4
2010,POL617245,10237,13,1220,Rural,>65,7500-12500,PrivateUse,0-47.7k,1,644.684744303453,8
2006,POL458123,10828,9,1600,Rural,>65,7500-12500,PrivateUse,0-47.7k,0,0,2
2007,POL458123,10828,9,1600,Rural,>65,7500-12500,PrivateUse,0-47.7k,0,0,2
2008,POL458123,10828,9,1600,Rural,>65,7500-12500,PrivateUse,0-47.7k,0,0,3
2009,POL458123,10828,9,1600,Rural,>65,7500-12500,PrivateUse,0-47.7k,0,0,1
2010,POL458123,10828,9,1600,Rural,>65,7500-12500,PrivateUse,0-47.7k,0,0,2
2007,POL130191,6682,7,650,Town,>65,7500-12500,PrivateUse,0-47.7k,1,522,4
2008,POL130191,6682,7,650,Town,>65,7500-12500,PrivateUse,0-47.7k,0,0,1
2009,POL130191,6682,7,650,Town,>65,7500-12500,PrivateUse,0-47.7k,0,0,6
2010,POL130191,6682,7,650,Town,>65,7500-12500,PrivateUse,0-47.7k,0,0,2
2006,POL652040,19990,6,935,Town,>65,7500-12500,PrivateUse,0-47.7k,1,1930.98714305904,6
2007,POL652040,19990,6,935,Town,>65,7500-12500,PrivateUse,0-47.7k,3,6899.5398721916,5
2008,POL652040,19990,6,935,Town,>65,7500-12500,PrivateUse,0-47.7k,0,0,4
2009,POL652040,19990,6,935,Town,>65,7500-12500,PrivateUse,0-47.7k,0,0,3
2010,POL652040,19990,6,935,Town,>65,7500-12500,PrivateUse,0-47.7k,2,5508.04831142723,6
2006,POL283111,12812,9,935,Town,>65,7500-12500,PrivateUse,0-47.7k,1,3109.38513655192,3
2007,POL283111,12812,9,935,Town,>65,7500-12500,PrivateUse,0-47.7k,1,3432.595229649,3
2008,POL283111,12812,9,935,Town,>65,7500-12500,PrivateUse,0-47.7k,1,2510.70299563803,4
2009,POL283111,12812,9,935,Town,>65,7500-12500,PrivateUse,0-47.7k,1,3621.0602032277,5
2010,POL283111,12812,9,935,Town,>65,7500-12500,PrivateUse,0-47.7k,2,4356.77459303883,4
2006,POL612532,24340,5,1220,Town,>65,7500-12500,PrivateUse,0-47.7k,1,794.191288248959,8
2007,POL612532,24340,5,1220,Town,>65,7500-12500,PrivateUse,0-47.7k,1,932.809346412791,6
2008,POL612532,24340,5,1220,Town,>65,7500-12500,PrivateUse,0-47.7k,1,2475.72765407657,4
2009,POL612532,24340,5,1220,Town,>65,7500-12500,PrivateUse,0-47.7k,1,1330.67555184151,5
2010,POL612532,24340,5,1220,Town,>65,7500-12500,PrivateUse,0-47.7k,2,3051.76821460611,5
2006,POL451877,17080,9,1315,Town,>65,7500-12500,PrivateUse,0-47.7k,0,0,7
2007,POL451877,17080,9,1315,Town,>65,7500-12500,PrivateUse,0-47.7k,0,0,3
2008,POL451877,17080,9,1315,Town,>65,7500-12500,PrivateUse,0-47.7k,0,0,6
2009,POL451877,17080,9,1315,Town,>65,7500-12500,PrivateUse,0-47.7k,0,0,7
2010,POL451877,17080,9,1315,Town,>65,7500-12500,PrivateUse,0-47.7k,0,0,3
2006,POL402987,39860,2,1410,Town,>65,7500-12500,PrivateUse,0-47.7k,1,3137.42576918531,3
2007,POL402987,39860,2,1410,Town,>65,7500-12500,PrivateUse,0-47.7k,1,3402.86951684694,6
2008,POL402987,39860,2,1410,Town,>65,7500-12500,PrivateUse,0-47.7k,1,2393.67194963069,6
2009,POL402987,39860,2,1410,Town,>65,7500-12500,PrivateUse,0-47.7k,1,3757.55300704772,4
2010,POL402987,39860,2,1410,Town,>65,7500-12500,PrivateUse,0-47.7k,3,8238.15336552904,6
2006,POL773668,26917,3,1600,Town,>65,7500-12500,PrivateUse,0-47.7k,0,0,1
2007,POL773668,26917,3,1600,Town,>65,7500-12500,PrivateUse,0-47.7k,0,0,3
2008,POL773668,26917,3,1600,Town,>65,7500-12500,PrivateUse,0-47.7k,0,0,3
2009,POL773668,26917,3,1600,Town,>65,7500-12500,PrivateUse,0-47.7k,1,410.147356441692,3
2010,POL773668,26917,3,1600,Town,>65,7500-12500,PrivateUse,0-47.7k,0,0,3
2006,POL967197,4258,4,1030,Rural,18-23,> 12500,PrivateUse,0-47.7k,0,0,1
2007,POL967197,4258,4,1030,Rural,18-23,> 12500,PrivateUse,0-47.7k,0,0,1
2009,POL967197,4258,4,1030,Rural,18-23,> 12500,PrivateUse,0-47.7k,0,0,2
2010,POL967197,4258,4,1030,Rural,18-23,> 12500,PrivateUse,0-47.7k,0,0,1
2006,POL439697,6631,3,1315,Town,18-23,> 12500,PrivateUse,0-47.7k,1,411.117042762512,4
2008,POL439697,6631,3,1315,Town,18-23,> 12500,PrivateUse,0-47.7k,1,298.63422578626,1
2006,POL630152,3930,6,1315,Town,18-23,> 12500,PrivateUse,0-47.7k,0,0,2
2007,POL630152,3930,6,1315,Town,18-23,> 12500,PrivateUse,0-47.7k,0,0,1
2006,POL628356,6597,5,1505,Town,18-23,> 12500,PrivateUse,0-47.7k,0,0,1
2007,POL628356,6597,5,1505,Town,18-23,> 12500,PrivateUse,0-47.7k,1,420.653268662196,1
2010,POL628356,6597,5,1505,Town,18-23,> 12500,PrivateUse,0-47.7k,0,0,1
2006,POL11069,9773,6,935,City,18-23,> 12500,PrivateUse,0-47.7k,0,0,1
2007,POL11069,9773,6,935,City,18-23,> 12500,PrivateUse,0-47.7k,1,1043.37258895429,2
2008,POL11069,9773,6,935,City,18-23,> 12500,PrivateUse,0-47.7k,0,0,2
2009,POL11069,9773,6,935,City,18-23,> 12500,PrivateUse,0-47.7k,2,5011.30499032942,2
2010,POL11069,9773,6,935,City,18-23,> 12500,PrivateUse,0-47.7k,0,0,6
2006,POL244340,20560,9,840,Rural,24-64,> 12500,PrivateUse,0-47.7k,0,0,5
2007,POL244340,20560,9,840,Rural,24-64,> 12500,PrivateUse,0-47.7k,0,0,6
2008,POL244340,20560,9,840,Rural,24-64,> 12500,PrivateUse,0-47.7k,0,0,8
2009,POL244340,20560,9,840,Rural,24-64,> 12500,PrivateUse,0-47.7k,0,0,9
2010,POL244340,20560,9,840,Rural,24-64,> 12500,PrivateUse,0-47.7k,0,0,10
2006,POL717091,47235,2,1030,Rural,24-64,> 12500,PrivateUse,0-47.7k,0,0,6
2007,POL717091,47235,2,1030,Rural,24-64,> 12500,PrivateUse,0-47.7k,0,0,8
2008,POL717091,47235,2,1030,Rural,24-64,> 12500,PrivateUse,0-47.7k,1,2765.06927719755,4
2009,POL717091,47235,2,1030,Rural,24-64,> 12500,PrivateUse,0-47.7k,2,6885.54552608164,8
2010,POL717091,47235,2,1030,Rural,24-64,> 12500,PrivateUse,0-47.7k,1,2710.40819606083,9
2006,POL94191,6918,13,650,Town,24-64,> 12500,PrivateUse,0-47.7k,0,0,4
2007,POL94191,6918,13,650,Town,24-64,> 12500,PrivateUse,0-47.7k,0,0,4
2009,POL94191,6918,13,650,Town,24-64,> 12500,PrivateUse,0-47.7k,0,0,5
2010,POL94191,6918,13,650,Town,24-64,> 12500,PrivateUse,0-47.7k,0,0,5
2006,POL831405,23680,13,1315,Town,24-64,> 12500,PrivateUse,0-47.7k,0,0,6
2007,POL831405,23680,13,1315,Town,24-64,> 12500,PrivateUse,0-47.7k,0,0,7
2008,POL831405,23680,13,1315,Town,24-64,> 12500,PrivateUse,0-47.7k,0,0,11
2009,POL831405,23680,13,1315,Town,24-64,> 12500,PrivateUse,0-47.7k,0,0,7
2010,POL831405,23680,13,1315,Town,24-64,> 12500,PrivateUse,0-47.7k,1,1541.67085721034,11
2006,POL640488,2643,12,745,Rural,>65,> 12500,PrivateUse,0-47.7k,0,0,1
2007,POL640488,2643,12,745,Rural,>65,> 12500,PrivateUse,0-47.7k,0,0,1
2008,POL640488,2643,12,745,Rural,>65,> 12500,PrivateUse,0-47.7k,0,0,1
2009,POL640488,2643,12,745,Rural,>65,> 12500,PrivateUse,0-47.7k,0,0,1
2010,POL640488,2643,12,745,Rural,>65,> 12500,PrivateUse,0-47.7k,0,0,3
2006,POL104024,8055,2,1600,Rural,>65,> 12500,PrivateUse,0-47.7k,0,0,1
2007,POL104024,8055,2,1600,Rural,>65,> 12500,PrivateUse,0-47.7k,0,0,1
2008,POL104024,8055,2,1600,Rural,>65,> 12500,PrivateUse,0-47.7k,0,0,1
2009,POL104024,8055,2,1600,Rural,>65,> 12500,PrivateUse,0-47.7k,0,0,1
2010,POL104024,8055,2,1600,Rural,>65,> 12500,PrivateUse,0-47.7k,1,10157,1
2006,POL186218,5940,1,650,Town,>65,> 12500,PrivateUse,0-47.7k,1,4808.06031163345,2
2008,POL186218,5940,1,650,Town,>65,> 12500,PrivateUse,0-47.7k,0,0,1
2009,POL186218,5940,1,650,Town,>65,> 12500,PrivateUse,0-47.7k,0,0,1
2010,POL186218,5940,1,650,Town,>65,> 12500,PrivateUse,0-47.7k,0,0,1
2006,POL886045,4664,12,935,Town,>65,> 12500,PrivateUse,0-47.7k,0,0,2
2007,POL886045,4664,12,935,Town,>65,> 12500,PrivateUse,0-47.7k,0,0,1
2008,POL886045,4664,12,935,Town,>65,> 12500,PrivateUse,0-47.7k,1,913,2
2009,POL886045,4664,12,935,Town,>65,> 12500,PrivateUse,0-47.7k,0,0,1
2010,POL886045,4664,12,935,Town,>65,> 12500,PrivateUse,0-47.7k,0,0,3
2006,POL763900,6340,8,1030,Town,>65,> 12500,PrivateUse,0-47.7k,0,0,2
2007,POL763900,6340,8,1030,Town,>65,> 12500,PrivateUse,0-47.7k,0,0,2
2008,POL763900,6340,8,1030,Town,>65,> 12500,PrivateUse,0-47.7k,0,0,2
2009,POL763900,6340,8,1030,Town,>65,> 12500,PrivateUse,0-47.7k,0,0,1
2010,POL763900,6340,8,1030,Town,>65,> 12500,PrivateUse,0-47.7k,0,0,1
2006,POL292225,7298,7,1220,Town,>65,> 12500,PrivateUse,0-47.7k,1,1918.14414040821,1
2007,POL292225,7298,7,1220,Town,>65,> 12500,PrivateUse,0-47.7k,1,1454.72378972178,2
2008,POL292225,7298,7,1220,Town,>65,> 12500,PrivateUse,0-47.7k,2,6181.19301441018,3
2009,POL292225,7298,7,1220,Town,>65,> 12500,PrivateUse,0-47.7k,1,1929.73247516979,1
2006,POL117726,7651,9,1410,Town,>65,> 12500,PrivateUse,0-47.7k,1,1461.85914383552,1
2007,POL117726,7651,9,1410,Town,>65,> 12500,PrivateUse,0-47.7k,1,2015.19607745864,1
2008,POL117726,7651,9,1410,Town,>65,> 12500,PrivateUse,0-47.7k,0,0,2
2009,POL117726,7651,9,1410,Town,>65,> 12500,PrivateUse,0-47.7k,1,2050.81030892935,3
2010,POL117726,7651,9,1410,Town,>65,> 12500,PrivateUse,0-47.7k,1,2050.77201525497,1
2006,POL213208,44169,1,745,City,>65,> 12500,PrivateUse,0-47.7k,1,2362.22199609427,6
2007,POL213208,44169,1,745,City,>65,> 12500,PrivateUse,0-47.7k,2,3911.54487395666,11
2008,POL213208,44169,1,745,City,>65,> 12500,PrivateUse,0-47.7k,0,0,3
2009,POL213208,44169,1,745,City,>65,> 12500,PrivateUse,0-47.7k,1,1611.32273778129,4
2010,POL213208,44169,1,745,City,>65,> 12500,PrivateUse,0-47.7k,1,3246.7306378804,4
2006,POL356794,21863,8,1125,City,>65,> 12500,PrivateUse,0-47.7k,0,0,6
2007,POL356794,21863,8,1125,City,>65,> 12500,PrivateUse,0-47.7k,0,0,8
2008,POL356794,21863,8,1125,City,>65,> 12500,PrivateUse,0-47.7k,0,0,3
2009,POL356794,21863,8,1125,City,>65,> 12500,PrivateUse,0-47.7k,0,0,7
2010,POL356794,21863,8,1125,City,>65,> 12500,PrivateUse,0-47.7k,0,0,4
2007,POL178630,561,10,745,Town,18-23,0-7500,BusinessUse,0-47.7k,0,0,1
2009,POL178630,561,10,745,Town,18-23,0-7500,BusinessUse,0-47.7k,0,0,1
2006,POL893571,16889,2,1220,Rural,24-64,0-7500,BusinessUse,0-47.7k,1,1356.31401985466,3
2007,POL893571,16889,2,1220,Rural,24-64,0-7500,BusinessUse,0-47.7k,0,0,2
2008,POL893571,16889,2,1220,Rural,24-64,0-7500,BusinessUse,0-47.7k,1,7010.0971111014,3
2009,POL893571,16889,2,1220,Rural,24-64,0-7500,BusinessUse,0-47.7k,0,0,2
2010,POL893571,16889,2,1220,Rural,24-64,0-7500,BusinessUse,0-47.7k,0,0,3
2006,POL654730,17649,3,1315,Rural,24-64,0-7500,BusinessUse,0-47.7k,1,1749.47674476571,3
2007,POL654730,17649,3,1315,Rural,24-64,0-7500,BusinessUse,0-47.7k,1,2080.59232665206,4
2008,POL654730,17649,3,1315,Rural,24-64,0-7500,BusinessUse,0-47.7k,0,0,2
2009,POL654730,17649,3,1315,Rural,24-64,0-7500,BusinessUse,0-47.7k,1,1481.24292271861,2
2010,POL654730,17649,3,1315,Rural,24-64,0-7500,BusinessUse,0-47.7k,0,0,6
2007,POL762650,4284,12,1600,Rural,24-64,0-7500,BusinessUse,0-47.7k,0,0,2
2008,POL762650,4284,12,1600,Rural,24-64,0-7500,BusinessUse,0-47.7k,1,1706.61504017996,1
2009,POL762650,4284,12,1600,Rural,24-64,0-7500,BusinessUse,0-47.7k,1,881.384959820037,1
2010,POL762650,4284,12,1600,Rural,24-64,0-7500,BusinessUse,0-47.7k,0,0,1
2006,POL496121,9294,11,1315,Town,24-64,0-7500,BusinessUse,0-47.7k,0,0,1
2007,POL496121,9294,11,1315,Town,24-64,0-7500,BusinessUse,0-47.7k,1,1526.76365544395,5
2008,POL496121,9294,11,1315,Town,24-64,0-7500,BusinessUse,0-47.7k,1,1732.47316580252,5
2009,POL496121,9294,11,1315,Town,24-64,0-7500,BusinessUse,0-47.7k,0,0,4
2010,POL496121,9294,11,1315,Town,24-64,0-7500,BusinessUse,0-47.7k,0,0,1
2006,POL742926,8328,13,1410,Town,24-64,0-7500,BusinessUse,0-47.7k,0,0,2
2007,POL742926,8328,13,1410,Town,24-64,0-7500,BusinessUse,0-47.7k,0,0,6
2008,POL742926,8328,13,1410,Town,24-64,0-7500,BusinessUse,0-47.7k,0,0,6
2009,POL742926,8328,13,1410,Town,24-64,0-7500,BusinessUse,0-47.7k,0,0,3
2010,POL742926,8328,13,1410,Town,24-64,0-7500,BusinessUse,0-47.7k,1,1016.29676680863,4
2006,POL530031,8632,13,1505,Town,24-64,0-7500,BusinessUse,0-47.7k,0,0,2
2007,POL530031,8632,13,1505,Town,24-64,0-7500,BusinessUse,0-47.7k,1,2610.56148456951,3
2008,POL530031,8632,13,1505,Town,24-64,0-7500,BusinessUse,0-47.7k,0,0,5
2009,POL530031,8632,13,1505,Town,24-64,0-7500,BusinessUse,0-47.7k,0,0,2
2010,POL530031,8632,13,1505,Town,24-64,0-7500,BusinessUse,0-47.7k,0,0,6
2006,POL762087,12617,3,745,City,24-64,0-7500,BusinessUse,0-47.7k,0,0,1
2007,POL762087,12617,3,745,City,24-64,0-7500,BusinessUse,0-47.7k,0,0,2
2008,POL762087,12617,3,745,City,24-64,0-7500,BusinessUse,0-47.7k,0,0,3
2009,POL762087,12617,3,745,City,24-64,0-7500,BusinessUse,0-47.7k,1,525.689159508173,6
2010,POL762087,12617,3,745,City,24-64,0-7500,BusinessUse,0-47.7k,1,139.310840491827,4
2006,POL468760,14985,3,1030,City,24-64,0-7500,BusinessUse,0-47.7k,1,1112.12425033871,5
2007,POL468760,14985,3,1030,City,24-64,0-7500,BusinessUse,0-47.7k,0,0,4
2008,POL468760,14985,3,1030,City,24-64,0-7500,BusinessUse,0-47.7k,1,829.333808089279,4
2009,POL468760,14985,3,1030,City,24-64,0-7500,BusinessUse,0-47.7k,0,0,1
2006,POL775274,7172,10,1030,City,24-64,0-7500,BusinessUse,0-47.7k,1,1394.94127957648,5
2007,POL775274,7172,10,1030,City,24-64,0-7500,BusinessUse,0-47.7k,1,2523.64954534268,4
2008,POL775274,7172,10,1030,City,24-64,0-7500,BusinessUse,0-47.7k,1,2608.4923716448902,5
2009,POL775274,7172,10,1030,City,24-64,0-7500,BusinessUse,0-47.7k,0,0,1
2010,POL775274,7172,10,1030,City,24-64,0-7500,BusinessUse,0-47.7k,1,3170.1418593068,1
2006,POL867752,5670,12,1125,City,24-64,0-7500,BusinessUse,0-47.7k,1,393.539035242263,6
2007,POL867752,5670,12,1125,City,24-64,0-7500,BusinessUse,0-47.7k,1,281.303660700341,3
2008,POL867752,5670,12,1125,City,24-64,0-7500,BusinessUse,0-47.7k,1,447.851104307635,3
2009,POL867752,5670,12,1125,City,24-64,0-7500,BusinessUse,0-47.7k,0,0,4
2006,POL250102,18222,4,1410,City,24-64,0-7500,BusinessUse,0-47.7k,0,0,1
2007,POL250102,18222,4,1410,City,24-64,0-7500,BusinessUse,0-47.7k,1,843.45921179715,5
2008,POL250102,18222,4,1410,City,24-64,0-7500,BusinessUse,0-47.7k,0,0,1
2009,POL250102,18222,4,1410,City,24-64,0-7500,BusinessUse,0-47.7k,2,2562.94286166267,4
2010,POL250102,18222,4,1410,City,24-64,0-7500,BusinessUse,0-47.7k,1,1143.03660710947,5
2007,POL312948,11423,8,1505,City,24-64,0-7500,BusinessUse,0-47.7k,0,0,2
2008,POL312948,11423,8,1505,City,24-64,0-7500,BusinessUse,0-47.7k,0,0,3
2009,POL312948,11423,8,1505,City,24-64,0-7500,BusinessUse,0-47.7k,0,0,2
2010,POL312948,11423,8,1505,City,24-64,0-7500,BusinessUse,0-47.7k,0,0,2
2006,POL89076,5760,10,1600,City,24-64,0-7500,BusinessUse,0-47.7k,0,0,2
2007,POL89076,5760,10,1600,City,24-64,0-7500,BusinessUse,0-47.7k,1,1336.03621817163,1
2008,POL89076,5760,10,1600,City,24-64,0-7500,BusinessUse,0-47.7k,1,3440.67282735035,1
2009,POL89076,5760,10,1600,City,24-64,0-7500,BusinessUse,0-47.7k,0,0,1
2010,POL89076,5760,10,1600,City,24-64,0-7500,BusinessUse,0-47.7k,0,0,1
2007,POL175364,1633,8,1030,Rural,>65,0-7500,BusinessUse,0-47.7k,1,447,1
2008,POL175364,1633,8,1030,Rural,>65,0-7500,BusinessUse,0-47.7k,0,0,1
2009,POL175364,1633,8,1030,Rural,>65,0-7500,BusinessUse,0-47.7k,0,0,1
2007,POL396911,5098,3,1505,Rural,>65,0-7500,BusinessUse,0-47.7k,1,267.620368617859,2
2008,POL396911,5098,3,1505,Rural,>65,0-7500,BusinessUse,0-47.7k,0,0,1
2010,POL396911,5098,3,1505,Rural,>65,0-7500,BusinessUse,0-47.7k,1,396.136095764498,1
2007,POL496786,2456,7,1315,City,>65,0-7500,BusinessUse,0-47.7k,0,0,1
2008,POL496786,2456,7,1315,City,>65,0-7500,BusinessUse,0-47.7k,0,0,2
2010,POL496786,2456,7,1315,City,>65,0-7500,BusinessUse,0-47.7k,0,0,1
2007,POL773791,5610,4,1125,Rural,18-23,7500-12500,BusinessUse,0-47.7k,0,0,1
2008,POL773791,5610,4,1125,Rural,18-23,7500-12500,BusinessUse,0-47.7k,1,1566.68693090501,3
2009,POL773791,5610,4,1125,Rural,18-23,7500-12500,BusinessUse,0-47.7k,1,3595.67497730003,2
2010,POL773791,5610,4,1125,Rural,18-23,7500-12500,BusinessUse,0-47.7k,1,2528.77593181634,2
2006,POL877578,12946,1,1505,Rural,18-23,7500-12500,BusinessUse,0-47.7k,2,3284.08557705125,2
2007,POL877578,12946,1,1505,Rural,18-23,7500-12500,BusinessUse,0-47.7k,1,2567.16694652156,1
2008,POL877578,12946,1,1505,Rural,18-23,7500-12500,BusinessUse,0-47.7k,2,6749.7510237242,2
2009,POL877578,12946,1,1505,Rural,18-23,7500-12500,BusinessUse,0-47.7k,3,10243.4279073364,3
2010,POL877578,12946,1,1505,Rural,18-23,7500-12500,BusinessUse,0-47.7k,1,2574.47060961632,2
2006,POL208237,4683,6,1220,Town,18-23,7500-12500,BusinessUse,0-47.7k,0,0,2
2009,POL208237,4683,6,1220,Town,18-23,7500-12500,BusinessUse,0-47.7k,1,218.448599309147,1
2010,POL208237,4683,6,1220,Town,18-23,7500-12500,BusinessUse,0-47.7k,1,449.133589703957,1
2006,POL346788,7175,5,1220,City,18-23,7500-12500,BusinessUse,0-47.7k,1,2663.61809851458,1
2007,POL346788,7175,5,1220,City,18-23,7500-12500,BusinessUse,0-47.7k,0,0,1
2009,POL346788,7175,5,1220,City,18-23,7500-12500,BusinessUse,0-47.7k,0,0,2
2010,POL346788,7175,5,1220,City,18-23,7500-12500,BusinessUse,0-47.7k,0,0,1
2006,POL822907,5923,10,1505,City,18-23,7500-12500,BusinessUse,0-47.7k,0,0,2
2007,POL822907,5923,10,1505,City,18-23,7500-12500,BusinessUse,0-47.7k,2,1450.89600047578,2
2008,POL822907,5923,10,1505,City,18-23,7500-12500,BusinessUse,0-47.7k,1,1270.61227360489,1
2009,POL822907,5923,10,1505,City,18-23,7500-12500,BusinessUse,0-47.7k,1,1575.188715644,1
2010,POL822907,5923,10,1505,City,18-23,7500-12500,BusinessUse,0-47.7k,0,0,1
2006,POL121075,18242,10,745,Rural,24-64,7500-12500,BusinessUse,0-47.7k,0,0,11
2007,POL121075,18242,10,745,Rural,24-64,7500-12500,BusinessUse,0-47.7k,0,0,14
2008,POL121075,18242,10,745,Rural,24-64,7500-12500,BusinessUse,0-47.7k,1,1213.64612062358,10
2009,POL121075,18242,10,745,Rural,24-64,7500-12500,BusinessUse,0-47.7k,1,2398.76276759935,10
2010,POL121075,18242,10,745,Rural,24-64,7500-12500,BusinessUse,0-47.7k,0,0,6
2006,POL265245,42892,4,1220,Rural,24-64,7500-12500,BusinessUse,0-47.7k,1,2401.50462252328,12
2007,POL265245,42892,4,1220,Rural,24-64,7500-12500,BusinessUse,0-47.7k,0,0,6
2008,POL265245,42892,4,1220,Rural,24-64,7500-12500,BusinessUse,0-47.7k,0,0,7
2009,POL265245,42892,4,1220,Rural,24-64,7500-12500,BusinessUse,0-47.7k,0,0,3
2010,POL265245,42892,4,1220,Rural,24-64,7500-12500,BusinessUse,0-47.7k,3,5983.46967603655,12
2006,POL93711,19854,11,1220,Rural,24-64,7500-12500,BusinessUse,0-47.7k,0,0,8
2007,POL93711,19854,11,1220,Rural,24-64,7500-12500,BusinessUse,0-47.7k,0,0,3
2008,POL93711,19854,11,1220,Rural,24-64,7500-12500,BusinessUse,0-47.7k,0,0,9
2009,POL93711,19854,11,1220,Rural,24-64,7500-12500,BusinessUse,0-47.7k,0,0,7
2010,POL93711,19854,11,1220,Rural,24-64,7500-12500,BusinessUse,0-47.7k,1,4277.33398567677,6
2006,POL276108,23336,11,1410,Rural,24-64,7500-12500,BusinessUse,0-47.7k,0,0,6
2007,POL276108,23336,11,1410,Rural,24-64,7500-12500,BusinessUse,0-47.7k,2,1145.68959740852,10
2008,POL276108,23336,11,1410,Rural,24-64,7500-12500,BusinessUse,0-47.7k,0,0,7
2009,POL276108,23336,11,1410,Rural,24-64,7500-12500,BusinessUse,0-47.7k,1,374.310402591475,5
2010,POL276108,23336,11,1410,Rural,24-64,7500-12500,BusinessUse,0-47.7k,0,0,12
2006,POL55853,30572,6,1600,Town,24-64,7500-12500,BusinessUse,0-47.7k,0,0,4
2007,POL55853,30572,6,1600,Town,24-64,7500-12500,BusinessUse,0-47.7k,1,1415.62321600487,7
2008,POL55853,30572,6,1600,Town,24-64,7500-12500,BusinessUse,0-47.7k,1,959.687374414432,3
2009,POL55853,30572,6,1600,Town,24-64,7500-12500,BusinessUse,0-47.7k,1,1672.26397735795,7
2010,POL55853,30572,6,1600,Town,24-64,7500-12500,BusinessUse,0-47.7k,0,0,3
2006,POL163362,15750,9,650,City,24-64,7500-12500,BusinessUse,0-47.7k,2,7338.12015316471,8
2007,POL163362,15750,9,650,City,24-64,7500-12500,BusinessUse,0-47.7k,0,0,8
2008,POL163362,15750,9,650,City,24-64,7500-12500,BusinessUse,0-47.7k,0,0,9
2009,POL163362,15750,9,650,City,24-64,7500-12500,BusinessUse,0-47.7k,0,0,6
2010,POL163362,15750,9,650,City,24-64,7500-12500,BusinessUse,0-47.7k,0,0,5
2006,POL119790,31500,13,745,City,24-64,7500-12500,BusinessUse,0-47.7k,3,4873.75149445795,16
2007,POL119790,31500,13,745,City,24-64,7500-12500,BusinessUse,0-47.7k,4,7429.72372919246,14
2008,POL119790,31500,13,745,City,24-64,7500-12500,BusinessUse,0-47.7k,1,1095.0464449408,23
2009,POL119790,31500,13,745,City,24-64,7500-12500,BusinessUse,0-47.7k,1,1721.04314642064,18
2010,POL119790,31500,13,745,City,24-64,7500-12500,BusinessUse,0-47.7k,1,1677.020475738,16
2006,POL47959,13005,1,1125,Rural,>65,7500-12500,BusinessUse,0-47.7k,1,988.998518816676,2
2007,POL47959,13005,1,1125,Rural,>65,7500-12500,BusinessUse,0-47.7k,0,0,1
2008,POL47959,13005,1,1125,Rural,>65,7500-12500,BusinessUse,0-47.7k,0,0,1
2009,POL47959,13005,1,1125,Rural,>65,7500-12500,BusinessUse,0-47.7k,1,757.311697746178,4
2010,POL47959,13005,1,1125,Rural,>65,7500-12500,BusinessUse,0-47.7k,1,635.538983299974,2
2006,POL487184,4428,12,1315,Rural,>65,7500-12500,BusinessUse,0-47.7k,1,1126.03996534305,4
2007,POL487184,4428,12,1315,Rural,>65,7500-12500,BusinessUse,0-47.7k,1,1935.46911088,3
2008,POL487184,4428,12,1315,Rural,>65,7500-12500,BusinessUse,0-47.7k,0,0,1
2010,POL487184,4428,12,1315,Rural,>65,7500-12500,BusinessUse,0-47.7k,1,624.490923776958,2
2006,POL177402,2970,6,650,Town,>65,7500-12500,BusinessUse,0-47.7k,0,0,2
2008,POL177402,2970,6,650,Town,>65,7500-12500,BusinessUse,0-47.7k,0,0,2
2009,POL177402,2970,6,650,Town,>65,7500-12500,BusinessUse,0-47.7k,1,4688.58359258911,1
2010,POL177402,2970,6,650,Town,>65,7500-12500,BusinessUse,0-47.7k,1,2661.9983435531,1
2006,POL711435,11994,6,1505,Town,>65,7500-12500,BusinessUse,0-47.7k,1,2877.72667133111,2
2007,POL711435,11994,6,1505,Town,>65,7500-12500,BusinessUse,0-47.7k,2,7704.09074173385,4
2008,POL711435,11994,6,1505,Town,>65,7500-12500,BusinessUse,0-47.7k,1,4053.80026974506,2
2009,POL711435,11994,6,1505,Town,>65,7500-12500,BusinessUse,0-47.7k,0,0,2
2010,POL711435,11994,6,1505,Town,>65,7500-12500,BusinessUse,0-47.7k,0,0,2
2006,POL991777,7425,13,1505,Town,>65,7500-12500,BusinessUse,0-47.7k,1,15067.7093166516,3
2007,POL991777,7425,13,1505,Town,>65,7500-12500,BusinessUse,0-47.7k,1,8132.61472552723,2
2008,POL991777,7425,13,1505,Town,>65,7500-12500,BusinessUse,0-47.7k,0,0,1
2009,POL991777,7425,13,1505,Town,>65,7500-12500,BusinessUse,0-47.7k,0,0,4
2010,POL991777,7425,13,1505,Town,>65,7500-12500,BusinessUse,0-47.7k,1,9087.66471559493,4
2006,POL970452,17885,2,745,City,>65,7500-12500,BusinessUse,0-47.7k,0,0,4
2007,POL970452,17885,2,745,City,>65,7500-12500,BusinessUse,0-47.7k,3,13476.5740391907,5
2008,POL970452,17885,2,745,City,>65,7500-12500,BusinessUse,0-47.7k,1,3846.6824719719,3
2009,POL970452,17885,2,745,City,>65,7500-12500,BusinessUse,0-47.7k,2,3387.71062034933,4
2010,POL970452,17885,2,745,City,>65,7500-12500,BusinessUse,0-47.7k,0,0,5
2006,POL551264,19673,2,840,City,>65,7500-12500,BusinessUse,0-47.7k,1,598.635534384233,2
2007,POL551264,19673,2,840,City,>65,7500-12500,BusinessUse,0-47.7k,2,1614.90159014006,3
2008,POL551264,19673,2,840,City,>65,7500-12500,BusinessUse,0-47.7k,4,4310.25670331389,8
2009,POL551264,19673,2,840,City,>65,7500-12500,BusinessUse,0-47.7k,1,746.570072498477,5
2010,POL551264,19673,2,840,City,>65,7500-12500,BusinessUse,0-47.7k,1,907.452731417963,2
2006,POL72610,19990,3,840,City,>65,7500-12500,BusinessUse,0-47.7k,0,0,1
2007,POL72610,19990,3,840,City,>65,7500-12500,BusinessUse,0-47.7k,2,4367.9819718421,5
2008,POL72610,19990,3,840,City,>65,7500-12500,BusinessUse,0-47.7k,1,1619.15958246556,3
2009,POL72610,19990,3,840,City,>65,7500-12500,BusinessUse,0-47.7k,0,0,2
2010,POL72610,19990,3,840,City,>65,7500-12500,BusinessUse,0-47.7k,3,5371.90632451712,5
2006,POL763223,28269,1,935,City,>65,7500-12500,BusinessUse,0-47.7k,1,2016.27410730488,4
2007,POL763223,28269,1,935,City,>65,7500-12500,BusinessUse,0-47.7k,0,0,1
2008,POL763223,28269,1,935,City,>65,7500-12500,BusinessUse,0-47.7k,1,1418.81141242234,5
2009,POL763223,28269,1,935,City,>65,7500-12500,BusinessUse,0-47.7k,0,0,3
2010,POL763223,28269,1,935,City,>65,7500-12500,BusinessUse,0-47.7k,1,757.945081804702,3
2006,POL722267,7862,13,1030,City,>65,7500-12500,BusinessUse,0-47.7k,0,0,4
2007,POL722267,7862,13,1030,City,>65,7500-12500,BusinessUse,0-47.7k,1,837.139816496373,3
2008,POL722267,7862,13,1030,City,>65,7500-12500,BusinessUse,0-47.7k,0,0,1
2009,POL722267,7862,13,1030,City,>65,7500-12500,BusinessUse,0-47.7k,0,0,4
2010,POL722267,7862,13,1030,City,>65,7500-12500,BusinessUse,0-47.7k,0,0,2
2006,POL251358,8137,12,1125,City,>65,7500-12500,BusinessUse,0-47.7k,1,1547.42604678384,4
2007,POL251358,8137,12,1125,City,>65,7500-12500,BusinessUse,0-47.7k,0,0,2
2008,POL251358,8137,12,1125,City,>65,7500-12500,BusinessUse,0-47.7k,0,0,2
2009,POL251358,8137,12,1125,City,>65,7500-12500,BusinessUse,0-47.7k,0,0,5
2010,POL251358,8137,12,1125,City,>65,7500-12500,BusinessUse,0-47.7k,0,0,3
2006,POL777145,5664,2,935,Rural,18-23,> 12500,BusinessUse,0-47.7k,1,1804.94737869026,1
2008,POL777145,5664,2,935,Rural,18-23,> 12500,BusinessUse,0-47.7k,0,0,1
2010,POL777145,5664,2,935,Rural,18-23,> 12500,BusinessUse,0-47.7k,2,2721.50429965221,2
2007,POL90896,6263,3,1315,Rural,18-23,> 12500,BusinessUse,0-47.7k,0,0,1
2008,POL90896,6263,3,1315,Rural,18-23,> 12500,BusinessUse,0-47.7k,1,899.775350152848,1
2009,POL90896,6263,3,1315,Rural,18-23,> 12500,BusinessUse,0-47.7k,0,0,1
2010,POL90896,6263,3,1315,Rural,18-23,> 12500,BusinessUse,0-47.7k,0,0,3
2006,POL22741,10681,1,1505,Rural,18-23,> 12500,BusinessUse,0-47.7k,1,932.169106700808,2
2007,POL22741,10681,1,1505,Rural,18-23,> 12500,BusinessUse,0-47.7k,0,0,1
2008,POL22741,10681,1,1505,Rural,18-23,> 12500,BusinessUse,0-47.7k,1,348.651034438132,4
2010,POL22741,10681,1,1505,Rural,18-23,> 12500,BusinessUse,0-47.7k,0,0,1
2006,POL759543,5089,3,840,Town,18-23,> 12500,BusinessUse,0-47.7k,1,586.527995055871,1
2009,POL759543,5089,3,840,Town,18-23,> 12500,BusinessUse,0-47.7k,1,1148.02738466232,3
2010,POL759543,5089,3,840,Town,18-23,> 12500,BusinessUse,0-47.7k,1,512.444620281805,2
2006,POL454230,5637,5,1410,Town,18-23,> 12500,BusinessUse,0-47.7k,2,2520.41200367442,2
2007,POL454230,5637,5,1410,Town,18-23,> 12500,BusinessUse,0-47.7k,0,0,1
2008,POL454230,5637,5,1410,Town,18-23,> 12500,BusinessUse,0-47.7k,0,0,2
2009,POL336816,3351,7,1600,Town,18-23,> 12500,BusinessUse,0-47.7k,1,2720.5563381881,1
2010,POL336816,3351,7,1600,Town,18-23,> 12500,BusinessUse,0-47.7k,0,0,1
2006,POL84921,21831,2,1315,City,18-23,> 12500,BusinessUse,0-47.7k,0,0,1
2007,POL84921,21831,2,1315,City,18-23,> 12500,BusinessUse,0-47.7k,2,3679.66421385303,2
2008,POL84921,21831,2,1315,City,18-23,> 12500,BusinessUse,0-47.7k,1,2270.5633865022,1
2009,POL84921,21831,2,1315,City,18-23,> 12500,BusinessUse,0-47.7k,3,5893.63580589843,4
2010,POL84921,21831,2,1315,City,18-23,> 12500,BusinessUse,0-47.7k,2,4062.47597674449,3
2006,POL6719,18294,4,1410,City,18-23,> 12500,BusinessUse,0-47.7k,3,4045.20336634843,4
2007,POL6719,18294,4,1410,City,18-23,> 12500,BusinessUse,0-47.7k,1,1401.33844849806,1
2008,POL6719,18294,4,1410,City,18-23,> 12500,BusinessUse,0-47.7k,0,0,2
2009,POL6719,18294,4,1410,City,18-23,> 12500,BusinessUse,0-47.7k,2,2393.65054241108,2
2010,POL6719,18294,4,1410,City,18-23,> 12500,BusinessUse,0-47.7k,2,2709.24960415656,2
2006,POL455606,7311,9,1600,City,18-23,> 12500,BusinessUse,0-47.7k,1,1086.75255581728,1
2007,POL455606,7311,9,1600,City,18-23,> 12500,BusinessUse,0-47.7k,1,2296.49086040419,3
2008,POL455606,7311,9,1600,City,18-23,> 12500,BusinessUse,0-47.7k,0,0,1
2009,POL455606,7311,9,1600,City,18-23,> 12500,BusinessUse,0-47.7k,0,0,1
2010,POL455606,7311,9,1600,City,18-23,> 12500,BusinessUse,0-47.7k,0,0,1
2006,POL336524,46104,3,1030,Rural,24-64,> 12500,BusinessUse,0-47.7k,2,5393.41112811697,8
2007,POL336524,46104,3,1030,Rural,24-64,> 12500,BusinessUse,0-47.7k,1,3052.5957233068,11
2008,POL336524,46104,3,1030,Rural,24-64,> 12500,BusinessUse,0-47.7k,0,0,8
2009,POL336524,46104,3,1030,Rural,24-64,> 12500,BusinessUse,0-47.7k,1,1147.52205527085,7
2010,POL336524,46104,3,1030,Rural,24-64,> 12500,BusinessUse,0-47.7k,1,1600.33205347801,9
2006,POL732265,43790,3,1220,Rural,24-64,> 12500,BusinessUse,0-47.7k,0,0,6
2007,POL732265,43790,3,1220,Rural,24-64,> 12500,BusinessUse,0-47.7k,0,0,2
2008,POL732265,43790,3,1220,Rural,24-64,> 12500,BusinessUse,0-47.7k,0,0,5
2009,POL732265,43790,3,1220,Rural,24-64,> 12500,BusinessUse,0-47.7k,4,10736.4416456648,12
2010,POL732265,43790,3,1220,Rural,24-64,> 12500,BusinessUse,0-47.7k,1,2854.21565957833,9
2006,POL90896,30066,10,1410,Town,24-64,> 12500,BusinessUse,0-47.7k,2,3842.32330136642,13
2007,POL90896,30066,10,1410,Town,24-64,> 12500,BusinessUse,0-47.7k,0,0,7
2008,POL90896,30066,10,1410,Town,24-64,> 12500,BusinessUse,0-47.7k,0,0,7
2009,POL90896,30066,10,1410,Town,24-64,> 12500,BusinessUse,0-47.7k,1,2245.23851722928,7
2010,POL90896,30066,10,1410,Town,24-64,> 12500,BusinessUse,0-47.7k,0,0,8
2006,POL258633,39110,9,1505,Town,24-64,> 12500,BusinessUse,0-47.7k,2,2705.45596665337,10
2007,POL258633,39110,9,1505,Town,24-64,> 12500,BusinessUse,0-47.7k,1,1722.58007222678,6
2008,POL258633,39110,9,1505,Town,24-64,> 12500,BusinessUse,0-47.7k,2,3427.60842317066,9
2009,POL258633,39110,9,1505,Town,24-64,> 12500,BusinessUse,0-47.7k,1,2240.80561819,11
2010,POL258633,39110,9,1505,Town,24-64,> 12500,BusinessUse,0-47.7k,1,1781.52278766917,9
2006,POL893640,44839,4,1600,Town,24-64,> 12500,BusinessUse,0-47.7k,1,3351.6307340695,6
2007,POL893640,44839,4,1600,Town,24-64,> 12500,BusinessUse,0-47.7k,1,1277.34115178566,7
2008,POL893640,44839,4,1600,Town,24-64,> 12500,BusinessUse,0-47.7k,1,4206.0736974342,2
2009,POL893640,44839,4,1600,Town,24-64,> 12500,BusinessUse,0-47.7k,3,7581.26055024596,7
2010,POL893640,44839,4,1600,Town,24-64,> 12500,BusinessUse,0-47.7k,0,0,5
2007,POL717619,3927,1,650,Rural,>65,> 12500,BusinessUse,0-47.7k,0,0,1
2009,POL717619,3927,1,650,Rural,>65,> 12500,BusinessUse,0-47.7k,0,0,2
2010,POL717619,3927,1,650,Rural,>65,> 12500,BusinessUse,0-47.7k,1,1398,1
2006,POL430424,5049,9,1125,Rural,>65,> 12500,BusinessUse,0-47.7k,1,4838.63018999028,2
2007,POL430424,5049,9,1125,Rural,>65,> 12500,BusinessUse,0-47.7k,0,0,2
2010,POL430424,5049,9,1125,Rural,>65,> 12500,BusinessUse,0-47.7k,0,0,1
2006,POL589765,4603,8,1600,Rural,>65,> 12500,BusinessUse,0-47.7k,0,0,1
2009,POL589765,4603,8,1600,Rural,>65,> 12500,BusinessUse,0-47.7k,0,0,1
2010,POL589765,4603,8,1600,Rural,>65,> 12500,BusinessUse,0-47.7k,0,0,1
2006,POL165053,9767,3,745,Town,>65,> 12500,BusinessUse,0-47.7k,1,1486.56196263205,3
2007,POL165053,9767,3,745,Town,>65,> 12500,BusinessUse,0-47.7k,1,1885.86032056773,1
2008,POL165053,9767,3,745,Town,>65,> 12500,BusinessUse,0-47.7k,1,1093.96185300271,2
2009,POL165053,9767,3,745,Town,>65,> 12500,BusinessUse,0-47.7k,1,802.898448059446,1
2010,POL165053,9767,3,745,Town,>65,> 12500,BusinessUse,0-47.7k,0,0,3
2006,POL750623,9595,4,935,Town,>65,> 12500,BusinessUse,0-47.7k,1,1392.86636799781,3
2007,POL750623,9595,4,935,Town,>65,> 12500,BusinessUse,0-47.7k,1,1185.8356829966,3
2008,POL750623,9595,4,935,Town,>65,> 12500,BusinessUse,0-47.7k,0,0,1
2009,POL750623,9595,4,935,Town,>65,> 12500,BusinessUse,0-47.7k,0,0,2
2010,POL750623,9595,4,935,Town,>65,> 12500,BusinessUse,0-47.7k,2,3505.19936652814,2
2006,POL761974,16061,1,1030,Town,>65,> 12500,BusinessUse,0-47.7k,0,0,1
2007,POL761974,16061,1,1030,Town,>65,> 12500,BusinessUse,0-47.7k,1,4828.03986948934,2
2008,POL761974,16061,1,1030,Town,>65,> 12500,BusinessUse,0-47.7k,0,0,2
2009,POL761974,16061,1,1030,Town,>65,> 12500,BusinessUse,0-47.7k,1,5294.8779381589,2
2010,POL761974,16061,1,1030,Town,>65,> 12500,BusinessUse,0-47.7k,1,2928.44409820165,1
2006,POL863436,12046,3,1030,Town,>65,> 12500,BusinessUse,0-47.7k,1,905.831953246273,1
2007,POL863436,12046,3,1030,Town,>65,> 12500,BusinessUse,0-47.7k,0,0,2
2008,POL863436,12046,3,1030,Town,>65,> 12500,BusinessUse,0-47.7k,1,430.964095297031,2
2009,POL863436,12046,3,1030,Town,>65,> 12500,BusinessUse,0-47.7k,0,0,1
2010,POL863436,12046,3,1030,Town,>65,> 12500,BusinessUse,0-47.7k,1,681.110165708603,4
2007,POL663859,4579,13,1030,Town,>65,> 12500,BusinessUse,0-47.7k,0,0,2
2008,POL663859,4579,13,1030,Town,>65,> 12500,BusinessUse,0-47.7k,0,0,2
2009,POL663859,4579,13,1030,Town,>65,> 12500,BusinessUse,0-47.7k,0,0,3
2010,POL663859,4579,13,1030,Town,>65,> 12500,BusinessUse,0-47.7k,1,2270,5
2006,POL754665,12320,4,650,City,>65,> 12500,BusinessUse,0-47.7k,2,3274.82375915941,5
2007,POL754665,12320,4,650,City,>65,> 12500,BusinessUse,0-47.7k,0,0,2
2008,POL754665,12320,4,650,City,>65,> 12500,BusinessUse,0-47.7k,0,0,2
2009,POL754665,12320,4,650,City,>65,> 12500,BusinessUse,0-47.7k,0,0,3
2010,POL754665,12320,4,650,City,>65,> 12500,BusinessUse,0-47.7k,0,0,1
2006,POL409295,5363,11,650,City,>65,> 12500,BusinessUse,0-47.7k,0,0,3
2007,POL409295,5363,11,650,City,>65,> 12500,BusinessUse,0-47.7k,0,0,1
2008,POL409295,5363,11,650,City,>65,> 12500,BusinessUse,0-47.7k,0,0,1
2009,POL409295,5363,11,650,City,>65,> 12500,BusinessUse,0-47.7k,1,2504.98435541756,3
2010,POL409295,5363,11,650,City,>65,> 12500,BusinessUse,0-47.7k,1,590.015644582443,6
2006,POL795542,15421,9,745,City,>65,> 12500,BusinessUse,0-47.7k,0,0,5
2007,POL795542,15421,9,745,City,>65,> 12500,BusinessUse,0-47.7k,1,665.317734238644,6
2008,POL795542,15421,9,745,City,>65,> 12500,BusinessUse,0-47.7k,0,0,2
2009,POL795542,15421,9,745,City,>65,> 12500,BusinessUse,0-47.7k,1,543.592976040094,4
2010,POL795542,15421,9,745,City,>65,> 12500,BusinessUse,0-47.7k,1,473.494504854369,10
2006,POL284790,46073,1,840,City,>65,> 12500,BusinessUse,0-47.7k,3,3314.16414397123,5
2007,POL284790,46073,1,840,City,>65,> 12500,BusinessUse,0-47.7k,3,3334.10311999915,4
2008,POL284790,46073,1,840,City,>65,> 12500,BusinessUse,0-47.7k,4,3939.34767867008,6
2009,POL284790,46073,1,840,City,>65,> 12500,BusinessUse,0-47.7k,0,0,2
2010,POL284790,46073,1,840,City,>65,> 12500,BusinessUse,0-47.7k,1,1351.7171737568,4
2006,POL846969,15289,12,935,City,>65,> 12500,BusinessUse,0-47.7k,3,3819.21909367463,6
2007,POL846969,15289,12,935,City,>65,> 12500,BusinessUse,0-47.7k,1,1186.42963731052,2
2008,POL846969,15289,12,935,City,>65,> 12500,BusinessUse,0-47.7k,2,3641.76382473656,7
2009,POL846969,15289,12,935,City,>65,> 12500,BusinessUse,0-47.7k,1,1370.5770119791,7
2010,POL846969,15289,12,935,City,>65,> 12500,BusinessUse,0-47.7k,2,3450.25939334228,6
2006,POL144650,30608,5,1125,City,>65,> 12500,BusinessUse,0-47.7k,3,2824.41479606828,4
2007,POL144650,30608,5,1125,City,>65,> 12500,BusinessUse,0-47.7k,1,1257.2133868338601,7
2008,POL144650,30608,5,1125,City,>65,> 12500,BusinessUse,0-47.7k,1,664.783132229823,5
2009,POL144650,30608,5,1125,City,>65,> 12500,BusinessUse,0-47.7k,2,2781.57742265936,10
2010,POL144650,30608,5,1125,City,>65,> 12500,BusinessUse,0-47.7k,1,936.806623515113,5
2006,POL792595,96920,3,745,Rural,24-64,0-7500,PrivateUse,47.7k-109k,2,2306.64169764134,21
2007,POL792595,96920,3,745,Rural,24-64,0-7500,PrivateUse,47.7k-109k,1,1540.69361854879,32
2008,POL792595,96920,3,745,Rural,24-64,0-7500,PrivateUse,47.7k-109k,0,0,24
2009,POL792595,96920,3,745,Rural,24-64,0-7500,PrivateUse,47.7k-109k,1,1951.09212429324,25
2010,POL792595,96920,3,745,Rural,24-64,0-7500,PrivateUse,47.7k-109k,3,4613.1954547857,32
2006,POL213478,65393,8,935,Rural,24-64,0-7500,PrivateUse,47.7k-109k,0,0,23
2007,POL213478,65393,8,935,Rural,24-64,0-7500,PrivateUse,47.7k-109k,1,3009.06028654939,29
2008,POL213478,65393,8,935,Rural,24-64,0-7500,PrivateUse,47.7k-109k,1,2368.05512566359,28
2009,POL213478,65393,8,935,Rural,24-64,0-7500,PrivateUse,47.7k-109k,1,3587.53926359465,25
2010,POL213478,65393,8,935,Rural,24-64,0-7500,PrivateUse,47.7k-109k,2,4524.50654772511,33
2006,POL777206,105916,7,1505,Rural,24-64,0-7500,PrivateUse,47.7k-109k,2,3467.5450129634,18
2007,POL777206,105916,7,1505,Rural,24-64,0-7500,PrivateUse,47.7k-109k,1,1757.58163681635,24
2008,POL777206,105916,7,1505,Rural,24-64,0-7500,PrivateUse,47.7k-109k,3,5769.44208007497,26
2009,POL777206,105916,7,1505,Rural,24-64,0-7500,PrivateUse,47.7k-109k,3,5064.68376521334,25
2010,POL777206,105916,7,1505,Rural,24-64,0-7500,PrivateUse,47.7k-109k,4,8609.07527725311,22
2006,POL340233,64800,2,650,Town,24-64,0-7500,PrivateUse,47.7k-109k,3,4785.20947283371,12
2007,POL340233,64800,2,650,Town,24-64,0-7500,PrivateUse,47.7k-109k,5,8610.8506484428,26
2008,POL340233,64800,2,650,Town,24-64,0-7500,PrivateUse,47.7k-109k,1,2107.1965148971,15
2009,POL340233,64800,2,650,Town,24-64,0-7500,PrivateUse,47.7k-109k,2,3455.67950435035,19
2010,POL340233,64800,2,650,Town,24-64,0-7500,PrivateUse,47.7k-109k,2,4200.94356190723,10
2006,POL486149,53784,4,650,Town,24-64,0-7500,PrivateUse,47.7k-109k,1,967.867203283089,12
2007,POL486149,53784,4,650,Town,24-64,0-7500,PrivateUse,47.7k-109k,1,1561.880102942,18
2008,POL486149,53784,4,650,Town,24-64,0-7500,PrivateUse,47.7k-109k,1,2069.05481133467,13
2009,POL486149,53784,4,650,Town,24-64,0-7500,PrivateUse,47.7k-109k,1,2131.7937236208,21
2010,POL486149,53784,4,650,Town,24-64,0-7500,PrivateUse,47.7k-109k,0,0,13
2006,POL711411,54964,13,840,Town,24-64,0-7500,PrivateUse,47.7k-109k,0,0,38
2007,POL711411,54964,13,840,Town,24-64,0-7500,PrivateUse,47.7k-109k,0,0,27
2008,POL711411,54964,13,840,Town,24-64,0-7500,PrivateUse,47.7k-109k,0,0,27
2009,POL711411,54964,13,840,Town,24-64,0-7500,PrivateUse,47.7k-109k,0,0,28
2010,POL711411,54964,13,840,Town,24-64,0-7500,PrivateUse,47.7k-109k,2,2816.31206700826,36
2006,POL415215,76302,10,1125,Town,24-64,0-7500,PrivateUse,47.7k-109k,2,4462.31717497824,32
2007,POL415215,76302,10,1125,Town,24-64,0-7500,PrivateUse,47.7k-109k,3,7428.59611653866,27
2008,POL415215,76302,10,1125,Town,24-64,0-7500,PrivateUse,47.7k-109k,5,11022.08967978,38
2009,POL415215,76302,10,1125,Town,24-64,0-7500,PrivateUse,47.7k-109k,7,18348.8630717738,41
2010,POL415215,76302,10,1125,Town,24-64,0-7500,PrivateUse,47.7k-109k,3,8152.20539715864,22
2006,POL273692,63606,8,745,City,24-64,0-7500,PrivateUse,47.7k-109k,2,5432.29328978473,19
2007,POL273692,63606,8,745,City,24-64,0-7500,PrivateUse,47.7k-109k,6,17766.4792145773,30
2008,POL273692,63606,8,745,City,24-64,0-7500,PrivateUse,47.7k-109k,0,0,22
2009,POL273692,63606,8,745,City,24-64,0-7500,PrivateUse,47.7k-109k,2,6684.95621080293,18
2010,POL273692,63606,8,745,City,24-64,0-7500,PrivateUse,47.7k-109k,0,0,20
2006,POL599231,89528,9,1505,City,24-64,0-7500,PrivateUse,47.7k-109k,1,1772.00056891415,13
2007,POL599231,89528,9,1505,City,24-64,0-7500,PrivateUse,47.7k-109k,3,3849.33432032087,23
2008,POL599231,89528,9,1505,City,24-64,0-7500,PrivateUse,47.7k-109k,3,3150.049558963,36
2009,POL599231,89528,9,1505,City,24-64,0-7500,PrivateUse,47.7k-109k,4,5346.6794433318,18
2010,POL599231,89528,9,1505,City,24-64,0-7500,PrivateUse,47.7k-109k,7,9669.55600779167,22
2006,POL420370,103348,14,1600,City,>65,0-7500,PrivateUse,47.7k-109k,1,1638.33904798153,19
2007,POL420370,103348,14,1600,City,>65,0-7500,PrivateUse,47.7k-109k,5,6494.28912131699,35
2008,POL420370,103348,14,1600,City,>65,0-7500,PrivateUse,47.7k-109k,4,4357.25151069551,34
2009,POL420370,103348,14,1600,City,>65,0-7500,PrivateUse,47.7k-109k,4,4896.96805287834,32
2010,POL420370,103348,14,1600,City,>65,0-7500,PrivateUse,47.7k-109k,4,5089.6534051586405,32
2006,POL867636,72430,6,935,Rural,24-64,7500-12500,PrivateUse,47.7k-109k,2,3157.39588956434,11
2007,POL867636,72430,6,935,Rural,24-64,7500-12500,PrivateUse,47.7k-109k,2,3139.38076879169,27
2008,POL867636,72430,6,935,Rural,24-64,7500-12500,PrivateUse,47.7k-109k,2,2477.73580798914,15
2009,POL867636,72430,6,935,Rural,24-64,7500-12500,PrivateUse,47.7k-109k,3,3122.7130067371,26
2010,POL867636,72430,6,935,Rural,24-64,7500-12500,PrivateUse,47.7k-109k,2,2025.01078932614,32
2006,POL251497,49799,13,1315,Rural,24-64,7500-12500,PrivateUse,47.7k-109k,0,0,28
2007,POL251497,49799,13,1315,Rural,24-64,7500-12500,PrivateUse,47.7k-109k,0,0,20
2008,POL251497,49799,13,1315,Rural,24-64,7500-12500,PrivateUse,47.7k-109k,0,0,22
2009,POL251497,49799,13,1315,Rural,24-64,7500-12500,PrivateUse,47.7k-109k,1,870.184519634809,22
2010,POL251497,49799,13,1315,Rural,24-64,7500-12500,PrivateUse,47.7k-109k,1,789.365084417144,24
2006,POL934172,71034,5,1600,Rural,24-64,7500-12500,PrivateUse,47.7k-109k,0,0,10
2007,POL934172,71034,5,1600,Rural,24-64,7500-12500,PrivateUse,47.7k-109k,0,0,5
2008,POL934172,71034,5,1600,Rural,24-64,7500-12500,PrivateUse,47.7k-109k,1,523.441178967547,8
2009,POL934172,71034,5,1600,Rural,24-64,7500-12500,PrivateUse,47.7k-109k,2,2361.0966248261698,10
2010,POL934172,71034,5,1600,Rural,24-64,7500-12500,PrivateUse,47.7k-109k,0,0,9
2006,POL357517,52869,13,1125,Town,24-64,7500-12500,PrivateUse,47.7k-109k,0,0,18
2007,POL357517,52869,13,1125,Town,24-64,7500-12500,PrivateUse,47.7k-109k,0,0,12
2008,POL357517,52869,13,1125,Town,24-64,7500-12500,PrivateUse,47.7k-109k,1,1238.41325217421,29
2009,POL357517,52869,13,1125,Town,24-64,7500-12500,PrivateUse,47.7k-109k,1,2150.86833481176,23
2010,POL357517,52869,13,1125,Town,24-64,7500-12500,PrivateUse,47.7k-109k,1,1265.36484580429,21
2006,POL388353,66088,10,1315,Town,24-64,7500-12500,PrivateUse,47.7k-109k,5,7186.33072193523,27
2007,POL388353,66088,10,1315,Town,24-64,7500-12500,PrivateUse,47.7k-109k,3,4017.54420051559,21
2008,POL388353,66088,10,1315,Town,24-64,7500-12500,PrivateUse,47.7k-109k,2,2814.03070405661,29
2009,POL388353,66088,10,1315,Town,24-64,7500-12500,PrivateUse,47.7k-109k,2,3389.74413095983,17
2010,POL388353,66088,10,1315,Town,24-64,7500-12500,PrivateUse,47.7k-109k,3,4452.97908211227,31
2006,POL64901,86000,2,650,City,24-64,7500-12500,PrivateUse,47.7k-109k,0,0,16
2007,POL64901,86000,2,650,City,24-64,7500-12500,PrivateUse,47.7k-109k,2,4274.53274660759,15
2008,POL64901,86000,2,650,City,24-64,7500-12500,PrivateUse,47.7k-109k,0,0,19
2009,POL64901,86000,2,650,City,24-64,7500-12500,PrivateUse,47.7k-109k,2,3997.74148111319,21
2010,POL64901,86000,2,650,City,24-64,7500-12500,PrivateUse,47.7k-109k,1,2284.30275240862,12
2006,POL689709,90092,10,1600,City,24-64,7500-12500,PrivateUse,47.7k-109k,4,14321.8842750236,22
2007,POL689709,90092,10,1600,City,24-64,7500-12500,PrivateUse,47.7k-109k,3,8374.69116378026,19
2008,POL689709,90092,10,1600,City,24-64,7500-12500,PrivateUse,47.7k-109k,4,16621.3026433779,20
2009,POL689709,90092,10,1600,City,24-64,7500-12500,PrivateUse,47.7k-109k,2,6574.30543794762,15
2010,POL689709,90092,10,1600,City,24-64,7500-12500,PrivateUse,47.7k-109k,2,5383.7602013068,11
2006,POL466083,68250,14,650,City,>65,7500-12500,PrivateUse,47.7k-109k,1,1908.95611399261,47
2007,POL466083,68250,14,650,City,>65,7500-12500,PrivateUse,47.7k-109k,6,11146.2019692992,53
2008,POL466083,68250,14,650,City,>65,7500-12500,PrivateUse,47.7k-109k,3,5610.8589806379,50
2009,POL466083,68250,14,650,City,>65,7500-12500,PrivateUse,47.7k-109k,1,2015.64493747032,45
2010,POL466083,68250,14,650,City,>65,7500-12500,PrivateUse,47.7k-109k,5,11510.127470987,43
2006,POL100141,63808,1,935,City,>65,7500-12500,PrivateUse,47.7k-109k,3,3835.43519789264,8
2007,POL100141,63808,1,935,City,>65,7500-12500,PrivateUse,47.7k-109k,4,4110.69731608287,9
2008,POL100141,63808,1,935,City,>65,7500-12500,PrivateUse,47.7k-109k,1,1024.50193628696,5
2009,POL100141,63808,1,935,City,>65,7500-12500,PrivateUse,47.7k-109k,2,2953.78361786851,7
2010,POL100141,63808,1,935,City,>65,7500-12500,PrivateUse,47.7k-109k,2,1871.45744997619,10
2006,POL293992,80115,1,1410,Rural,24-64,> 12500,PrivateUse,47.7k-109k,0,0,6
2007,POL293992,80115,1,1410,Rural,24-64,> 12500,PrivateUse,47.7k-109k,3,5418.21158046768,12
2008,POL293992,80115,1,1410,Rural,24-64,> 12500,PrivateUse,47.7k-109k,1,1587.74560221928,12
2009,POL293992,80115,1,1410,Rural,24-64,> 12500,PrivateUse,47.7k-109k,2,3303.44199095798,8
2010,POL293992,80115,1,1410,Rural,24-64,> 12500,PrivateUse,47.7k-109k,0,0,3
2006,POL39696,53410,4,1410,Rural,24-64,> 12500,PrivateUse,47.7k-109k,0,0,5
2007,POL39696,53410,4,1410,Rural,24-64,> 12500,PrivateUse,47.7k-109k,3,6367.62087176785,13
2008,POL39696,53410,4,1410,Rural,24-64,> 12500,PrivateUse,47.7k-109k,2,5186.70596277359,5
2009,POL39696,53410,4,1410,Rural,24-64,> 12500,PrivateUse,47.7k-109k,1,2435.41607741192,8
2010,POL39696,53410,4,1410,Rural,24-64,> 12500,PrivateUse,47.7k-109k,0,0,6
2006,POL413339,69226,2,1505,Rural,24-64,> 12500,PrivateUse,47.7k-109k,0,0,8
2007,POL413339,69226,2,1505,Rural,24-64,> 12500,PrivateUse,47.7k-109k,1,2477.25148705147,4
2008,POL413339,69226,2,1505,Rural,24-64,> 12500,PrivateUse,47.7k-109k,1,1887.76155639928,9
2009,POL413339,69226,2,1505,Rural,24-64,> 12500,PrivateUse,47.7k-109k,0,0,5
2010,POL413339,69226,2,1505,Rural,24-64,> 12500,PrivateUse,47.7k-109k,0,0,10
2006,POL723691,89397,1,1315,Town,24-64,> 12500,PrivateUse,47.7k-109k,0,0,6
2007,POL723691,89397,1,1315,Town,24-64,> 12500,PrivateUse,47.7k-109k,1,4305.81693462229,9
2008,POL723691,89397,1,1315,Town,24-64,> 12500,PrivateUse,47.7k-109k,2,4581.57651573,7
2009,POL723691,89397,1,1315,Town,24-64,> 12500,PrivateUse,47.7k-109k,1,2738.13868776186,11
2010,POL723691,89397,1,1315,Town,24-64,> 12500,PrivateUse,47.7k-109k,0,0,13
2006,POL72211,66079,11,935,City,24-64,> 12500,PrivateUse,47.7k-109k,0,0,24
2007,POL72211,66079,11,935,City,24-64,> 12500,PrivateUse,47.7k-109k,3,7242.64666705617,32
2008,POL72211,66079,11,935,City,24-64,> 12500,PrivateUse,47.7k-109k,3,6645.69071594698,28
2009,POL72211,66079,11,935,City,24-64,> 12500,PrivateUse,47.7k-109k,0,0,20
2010,POL72211,66079,11,935,City,24-64,> 12500,PrivateUse,47.7k-109k,1,1929.59646616465,15
2006,POL899747,56547,13,935,City,24-64,> 12500,PrivateUse,47.7k-109k,0,0,27
2007,POL899747,56547,13,935,City,24-64,> 12500,PrivateUse,47.7k-109k,0,0,19
2008,POL899747,56547,13,935,City,24-64,> 12500,PrivateUse,47.7k-109k,2,5610.2447295649,30
2009,POL899747,56547,13,935,City,24-64,> 12500,PrivateUse,47.7k-109k,2,5304.16362485697,19
2010,POL899747,56547,13,935,City,24-64,> 12500,PrivateUse,47.7k-109k,0,0,14
2006,POL405983,68094,11,1030,City,24-64,> 12500,PrivateUse,47.7k-109k,0,0,22
2007,POL405983,68094,11,1030,City,24-64,> 12500,PrivateUse,47.7k-109k,2,4403.3430918883,21
2008,POL405983,68094,11,1030,City,24-64,> 12500,PrivateUse,47.7k-109k,2,4932.58491243644,28
2009,POL405983,68094,11,1030,City,24-64,> 12500,PrivateUse,47.7k-109k,1,2578.26642392278,20
2010,POL405983,68094,11,1030,City,24-64,> 12500,PrivateUse,47.7k-109k,0,0,21
2006,POL399134,102241,10,1315,City,24-64,> 12500,PrivateUse,47.7k-109k,3,3798.75793084205,31
2007,POL399134,102241,10,1315,City,24-64,> 12500,PrivateUse,47.7k-109k,2,4113.82172704378,26
2008,POL399134,102241,10,1315,City,24-64,> 12500,PrivateUse,47.7k-109k,1,1631.02477989138,29
2009,POL399134,102241,10,1315,City,24-64,> 12500,PrivateUse,47.7k-109k,4,5065.41906883083,28
2010,POL399134,102241,10,1315,City,24-64,> 12500,PrivateUse,47.7k-109k,3,3259.94877148597,31
2006,POL87620,48982,14,1600,Town,>65,> 12500,PrivateUse,47.7k-109k,0,0,15
2007,POL87620,48982,14,1600,Town,>65,> 12500,PrivateUse,47.7k-109k,3,4172.43768920289,12
2008,POL87620,48982,14,1600,Town,>65,> 12500,PrivateUse,47.7k-109k,3,4107.48971840803,11
2009,POL87620,48982,14,1600,Town,>65,> 12500,PrivateUse,47.7k-109k,1,1342.50664307661,16
2010,POL87620,48982,14,1600,Town,>65,> 12500,PrivateUse,47.7k-109k,3,4144.73271260002,13
2006,POL423756,100962,14,1315,Rural,24-64,0-7500,BusinessUse,47.7k-109k,1,1708.64870422505,53
2007,POL423756,100962,14,1315,Rural,24-64,0-7500,BusinessUse,47.7k-109k,4,8082.96939968415,61
2008,POL423756,100962,14,1315,Rural,24-64,0-7500,BusinessUse,47.7k-109k,4,7491.8727369052,64
2009,POL423756,100962,14,1315,Rural,24-64,0-7500,BusinessUse,47.7k-109k,5,10801.4422606481,47
2010,POL423756,100962,14,1315,Rural,24-64,0-7500,BusinessUse,47.7k-109k,4,6204.03956876915,51
2006,POL933072,76265,14,1600,Town,24-64,0-7500,BusinessUse,47.7k-109k,3,8163.67362132257,29
2007,POL933072,76265,14,1600,Town,24-64,0-7500,BusinessUse,47.7k-109k,2,6036.07457492877,21
2008,POL933072,76265,14,1600,Town,24-64,0-7500,BusinessUse,47.7k-109k,3,8115.18275910745,19
2009,POL933072,76265,14,1600,Town,24-64,0-7500,BusinessUse,47.7k-109k,9,23666.2914902701,24
2010,POL933072,76265,14,1600,Town,24-64,0-7500,BusinessUse,47.7k-109k,5,11035.8407480722,30
2006,POL795280,54561,14,1030,City,24-64,0-7500,BusinessUse,47.7k-109k,1,1349.04778274004,25
2007,POL795280,54561,14,1030,City,24-64,0-7500,BusinessUse,47.7k-109k,1,893.270706200586,32
2008,POL795280,54561,14,1030,City,24-64,0-7500,BusinessUse,47.7k-109k,2,2810.58874500454,30
2009,POL795280,54561,14,1030,City,24-64,0-7500,BusinessUse,47.7k-109k,2,2943.95198415547,34
2010,POL795280,54561,14,1030,City,24-64,0-7500,BusinessUse,47.7k-109k,0,0,23
2006,POL459066,51785,1,745,Rural,24-64,7500-12500,BusinessUse,47.7k-109k,1,2224.94023307652,13
2007,POL459066,51785,1,745,Rural,24-64,7500-12500,BusinessUse,47.7k-109k,3,9693.25900677076,8
2008,POL459066,51785,1,745,Rural,24-64,7500-12500,BusinessUse,47.7k-109k,0,0,9
2009,POL459066,51785,1,745,Rural,24-64,7500-12500,BusinessUse,47.7k-109k,0,0,8
2010,POL459066,51785,1,745,Rural,24-64,7500-12500,BusinessUse,47.7k-109k,2,5050.52054449055,6
2006,POL759889,57774,4,1410,Rural,24-64,7500-12500,BusinessUse,47.7k-109k,2,3150.35185162808,8
2007,POL759889,57774,4,1410,Rural,24-64,7500-12500,BusinessUse,47.7k-109k,0,0,8
2008,POL759889,57774,4,1410,Rural,24-64,7500-12500,BusinessUse,47.7k-109k,4,5644.52737702555,13
2009,POL759889,57774,4,1410,Rural,24-64,7500-12500,BusinessUse,47.7k-109k,1,1362.31950989809,11
2010,POL759889,57774,4,1410,Rural,24-64,7500-12500,BusinessUse,47.7k-109k,2,2487.84593615031,14
2006,POL320451,49348,4,840,Town,24-64,7500-12500,BusinessUse,47.7k-109k,0,0,11
2007,POL320451,49348,4,840,Town,24-64,7500-12500,BusinessUse,47.7k-109k,2,2011.95295941135,12
2008,POL320451,49348,4,840,Town,24-64,7500-12500,BusinessUse,47.7k-109k,1,998.828655321481,11
2009,POL320451,49348,4,840,Town,24-64,7500-12500,BusinessUse,47.7k-109k,1,1414.42443796248,9
2010,POL320451,49348,4,840,Town,24-64,7500-12500,BusinessUse,47.7k-109k,2,2122.14861547213,9
2006,POL486149,85154,1,1220,Town,24-64,7500-12500,BusinessUse,47.7k-109k,2,2892.26146840724,11
2007,POL486149,85154,1,1220,Town,24-64,7500-12500,BusinessUse,47.7k-109k,1,1423.35256842513,5
2008,POL486149,85154,1,1220,Town,24-64,7500-12500,BusinessUse,47.7k-109k,4,6416.07580915696,12
2009,POL486149,85154,1,1220,Town,24-64,7500-12500,BusinessUse,47.7k-109k,4,7644.35139069579,10
2010,POL486149,85154,1,1220,Town,24-64,7500-12500,BusinessUse,47.7k-109k,2,3974.36522591965,12
2006,POL105868,50012,5,1315,Town,24-64,7500-12500,BusinessUse,47.7k-109k,0,0,6
2007,POL105868,50012,5,1315,Town,24-64,7500-12500,BusinessUse,47.7k-109k,2,3991.27093682172,10
2008,POL105868,50012,5,1315,Town,24-64,7500-12500,BusinessUse,47.7k-109k,3,6244.77823868161,11
2009,POL105868,50012,5,1315,Town,24-64,7500-12500,BusinessUse,47.7k-109k,2,5444.45260406282,12
2010,POL105868,50012,5,1315,Town,24-64,7500-12500,BusinessUse,47.7k-109k,0,0,6
2006,POL346423,106615,2,1505,Town,24-64,7500-12500,BusinessUse,47.7k-109k,2,4151.21942434139,11
2007,POL346423,106615,2,1505,Town,24-64,7500-12500,BusinessUse,47.7k-109k,5,10093.1111231899,13
2008,POL346423,106615,2,1505,Town,24-64,7500-12500,BusinessUse,47.7k-109k,1,2577.25762573,6
2009,POL346423,106615,2,1505,Town,24-64,7500-12500,BusinessUse,47.7k-109k,3,6583.20870111761,11
2010,POL346423,106615,2,1505,Town,24-64,7500-12500,BusinessUse,47.7k-109k,2,4653.3454099403,5
2006,POL322380,47977,9,840,City,24-64,7500-12500,BusinessUse,47.7k-109k,1,1399.57737558604,16
2007,POL322380,47977,9,840,City,24-64,7500-12500,BusinessUse,47.7k-109k,2,2924.62268641167,16
2008,POL322380,47977,9,840,City,24-64,7500-12500,BusinessUse,47.7k-109k,2,2642.0137131692,17
2009,POL322380,47977,9,840,City,24-64,7500-12500,BusinessUse,47.7k-109k,2,2830.8355699072,21
2010,POL322380,47977,9,840,City,24-64,7500-12500,BusinessUse,47.7k-109k,0,0,12
2006,POL719150,95712,3,935,City,24-64,7500-12500,BusinessUse,47.7k-109k,0,0,11
2007,POL719150,95712,3,935,City,24-64,7500-12500,BusinessUse,47.7k-109k,2,2535.13327326556,25
2008,POL719150,95712,3,935,City,24-64,7500-12500,BusinessUse,47.7k-109k,5,8397.64704971806,17
2009,POL719150,95712,3,935,City,24-64,7500-12500,BusinessUse,47.7k-109k,2,3333.86362653417,13
2010,POL719150,95712,3,935,City,24-64,7500-12500,BusinessUse,47.7k-109k,10,15834.3958696229,23
2006,POL164643,96698,3,1030,City,24-64,7500-12500,BusinessUse,47.7k-109k,4,8220.07337828774,14
2007,POL164643,96698,3,1030,City,24-64,7500-12500,BusinessUse,47.7k-109k,1,2448.00369017748,14
2008,POL164643,96698,3,1030,City,24-64,7500-12500,BusinessUse,47.7k-109k,4,8005.0857018632,14
2009,POL164643,96698,3,1030,City,24-64,7500-12500,BusinessUse,47.7k-109k,9,18678.7663839229,22
2010,POL164643,96698,3,1030,City,24-64,7500-12500,BusinessUse,47.7k-109k,3,6355.4324054424,13
2006,POL30662,69818,7,1220,City,24-64,7500-12500,BusinessUse,47.7k-109k,1,1789.75598608311,16
2007,POL30662,69818,7,1220,City,24-64,7500-12500,BusinessUse,47.7k-109k,5,11274.0440331151,23
2008,POL30662,69818,7,1220,City,24-64,7500-12500,BusinessUse,47.7k-109k,3,7113.73318891269,22
2009,POL30662,69818,7,1220,City,24-64,7500-12500,BusinessUse,47.7k-109k,2,5028.16794095829,19
2010,POL30662,69818,7,1220,City,24-64,7500-12500,BusinessUse,47.7k-109k,2,4652.68909397507,13
2006,POL18193,68469,6,1315,City,24-64,7500-12500,BusinessUse,47.7k-109k,5,6447.80607091685,19
2007,POL18193,68469,6,1315,City,24-64,7500-12500,BusinessUse,47.7k-109k,1,1417.51057785606,11
2008,POL18193,68469,6,1315,City,24-64,7500-12500,BusinessUse,47.7k-109k,2,3038.61949823131,12
2009,POL18193,68469,6,1315,City,24-64,7500-12500,BusinessUse,47.7k-109k,1,1591.61305531546,12
2010,POL18193,68469,6,1315,City,24-64,7500-12500,BusinessUse,47.7k-109k,3,4157.28323986428,12
2006,POL41393,81030,7,1410,City,24-64,7500-12500,BusinessUse,47.7k-109k,4,7021.25684181093,19
2007,POL41393,81030,7,1410,City,24-64,7500-12500,BusinessUse,47.7k-109k,0,0,18
2008,POL41393,81030,7,1410,City,24-64,7500-12500,BusinessUse,47.7k-109k,3,5035.25326558968,17
2009,POL41393,81030,7,1410,City,24-64,7500-12500,BusinessUse,47.7k-109k,4,7044.39948272858,18
2010,POL41393,81030,7,1410,City,24-64,7500-12500,BusinessUse,47.7k-109k,9,14766.9813548314,18
2006,POL36077,50254,10,1410,City,24-64,7500-12500,BusinessUse,47.7k-109k,3,6423.20583752611,15
2007,POL36077,50254,10,1410,City,24-64,7500-12500,BusinessUse,47.7k-109k,4,8164.33486264608,11
2008,POL36077,50254,10,1410,City,24-64,7500-12500,BusinessUse,47.7k-109k,2,4610.58582617694,15
2009,POL36077,50254,10,1410,City,24-64,7500-12500,BusinessUse,47.7k-109k,3,6083.98695468238,13
2010,POL36077,50254,10,1410,City,24-64,7500-12500,BusinessUse,47.7k-109k,3,6469.79557279879,14
2006,POL763671,56603,11,1410,City,24-64,7500-12500,BusinessUse,47.7k-109k,3,4736.20995656947,12
2007,POL763671,56603,11,1410,City,24-64,7500-12500,BusinessUse,47.7k-109k,0,0,23
2008,POL763671,56603,11,1410,City,24-64,7500-12500,BusinessUse,47.7k-109k,0,0,17
2009,POL763671,56603,11,1410,City,24-64,7500-12500,BusinessUse,47.7k-109k,1,3544.02504167021,10
2010,POL763671,56603,11,1410,City,24-64,7500-12500,BusinessUse,47.7k-109k,1,1707.81013423372,15
2006,POL952644,76630,9,1505,City,24-64,7500-12500,BusinessUse,47.7k-109k,2,3423.71546054462,16
2007,POL952644,76630,9,1505,City,24-64,7500-12500,BusinessUse,47.7k-109k,1,1812.09734141636,11
2008,POL952644,76630,9,1505,City,24-64,7500-12500,BusinessUse,47.7k-109k,6,12409.3325695188,18
2009,POL952644,76630,9,1505,City,24-64,7500-12500,BusinessUse,47.7k-109k,4,7741.95202823558,19
2010,POL952644,76630,9,1505,City,24-64,7500-12500,BusinessUse,47.7k-109k,4,8320.53471108158,17
2006,POL887970,65577,10,1505,City,24-64,7500-12500,BusinessUse,47.7k-109k,1,2655.74401395198,14
2007,POL887970,65577,10,1505,City,24-64,7500-12500,BusinessUse,47.7k-109k,4,8645.79682220154,14
2008,POL887970,65577,10,1505,City,24-64,7500-12500,BusinessUse,47.7k-109k,4,11775.8268347297,26
2009,POL887970,65577,10,1505,City,24-64,7500-12500,BusinessUse,47.7k-109k,2,4158.34227193555,14
2010,POL887970,65577,10,1505,City,24-64,7500-12500,BusinessUse,47.7k-109k,1,2192.22290360329,13
2006,POL279538,67938,4,1600,City,24-64,7500-12500,BusinessUse,47.7k-109k,1,572.69150266119,6
2007,POL279538,67938,4,1600,City,24-64,7500-12500,BusinessUse,47.7k-109k,2,1611.7632358884,3
2008,POL279538,67938,4,1600,City,24-64,7500-12500,BusinessUse,47.7k-109k,3,2016.78083906483,6
2009,POL279538,67938,4,1600,City,24-64,7500-12500,BusinessUse,47.7k-109k,4,3254.97192563966,8
2010,POL279538,67938,4,1600,City,24-64,7500-12500,BusinessUse,47.7k-109k,3,2243.46469869229,7
2006,POL976128,54002,3,1410,Rural,24-64,> 12500,BusinessUse,47.7k-109k,0,0,5
2007,POL976128,54002,3,1410,Rural,24-64,> 12500,BusinessUse,47.7k-109k,4,9907.6907515107,10
2008,POL976128,54002,3,1410,Rural,24-64,> 12500,BusinessUse,47.7k-109k,2,5869.03381730706,12
2009,POL976128,54002,3,1410,Rural,24-64,> 12500,BusinessUse,47.7k-109k,0,0,3
2010,POL976128,54002,3,1410,Rural,24-64,> 12500,BusinessUse,47.7k-109k,1,4217.73475279609,7
2006,POL415048,74387,1,1030,Town,24-64,> 12500,BusinessUse,47.7k-109k,5,9823.85196958017,12
2007,POL415048,74387,1,1030,Town,24-64,> 12500,BusinessUse,47.7k-109k,2,5710.68463209816,6
2008,POL415048,74387,1,1030,Town,24-64,> 12500,BusinessUse,47.7k-109k,3,6902.22388368183,13
2009,POL415048,74387,1,1030,Town,24-64,> 12500,BusinessUse,47.7k-109k,1,2398.60935943077,10
2010,POL415048,74387,1,1030,Town,24-64,> 12500,BusinessUse,47.7k-109k,2,4879.59548394222,10
2006,POL521832,66635,11,745,City,24-64,> 12500,BusinessUse,47.7k-109k,3,3756.78231938765,29
2007,POL521832,66635,11,745,City,24-64,> 12500,BusinessUse,47.7k-109k,3,4329.12672426896,23
2008,POL521832,66635,11,745,City,24-64,> 12500,BusinessUse,47.7k-109k,5,5157.66247905462,30
2009,POL521832,66635,11,745,City,24-64,> 12500,BusinessUse,47.7k-109k,1,848.563159094092,28
2010,POL521832,66635,11,745,City,24-64,> 12500,BusinessUse,47.7k-109k,1,1061.89975486252,31
2006,POL905862,77591,9,840,City,24-64,> 12500,BusinessUse,47.7k-109k,1,2086.46272329079,29
2007,POL905862,77591,9,840,City,24-64,> 12500,BusinessUse,47.7k-109k,1,2469.98378870935,19
2008,POL905862,77591,9,840,City,24-64,> 12500,BusinessUse,47.7k-109k,1,1044.00233303143,23
2009,POL905862,77591,9,840,City,24-64,> 12500,BusinessUse,47.7k-109k,2,2622.13551767013,28
2010,POL905862,77591,9,840,City,24-64,> 12500,BusinessUse,47.7k-109k,1,2072.43435482883,20
2006,POL915496,89624,9,935,City,24-64,> 12500,BusinessUse,47.7k-109k,5,7402.64894375675,30
2007,POL915496,89624,9,935,City,24-64,> 12500,BusinessUse,47.7k-109k,3,4076.08297905292,28
2008,POL915496,89624,9,935,City,24-64,> 12500,BusinessUse,47.7k-109k,3,3967.34058835291,24
2009,POL915496,89624,9,935,City,24-64,> 12500,BusinessUse,47.7k-109k,2,3241.64819070904,21
2010,POL915496,89624,9,935,City,24-64,> 12500,BusinessUse,47.7k-109k,3,3979.59765844011,25
2006,POL418726,71479,13,1030,City,24-64,> 12500,BusinessUse,47.7k-109k,2,2356.01666754545,32
2007,POL418726,71479,13,1030,City,24-64,> 12500,BusinessUse,47.7k-109k,2,2159.25131254183,24
2008,POL418726,71479,13,1030,City,24-64,> 12500,BusinessUse,47.7k-109k,4,3867.91425146432,23
2009,POL418726,71479,13,1030,City,24-64,> 12500,BusinessUse,47.7k-109k,2,1807.24941429308,34
2010,POL418726,71479,13,1030,City,24-64,> 12500,BusinessUse,47.7k-109k,1,1125.42902684641,23
2006,POL901063,96102,12,1505,City,24-64,> 12500,BusinessUse,47.7k-109k,4,9330.88379322275,25
2007,POL901063,96102,12,1505,City,24-64,> 12500,BusinessUse,47.7k-109k,3,6459.9828902971,21
2008,POL901063,96102,12,1505,City,24-64,> 12500,BusinessUse,47.7k-109k,3,7106.31652661692,24
2009,POL901063,96102,12,1505,City,24-64,> 12500,BusinessUse,47.7k-109k,1,2020.36800543189,30
2010,POL901063,96102,12,1505,City,24-64,> 12500,BusinessUse,47.7k-109k,1,2489.51751141232,23
2006,POL561380,121414,3,935,Rural,24-64,0-7500,PrivateUse,109k-257k,1,2056.76998262289,25
2007,POL561380,121414,3,935,Rural,24-64,0-7500,PrivateUse,109k-257k,1,2506.61407718332,25
2008,POL561380,121414,3,935,Rural,24-64,0-7500,PrivateUse,109k-257k,3,5927.71937945035,23
2009,POL561380,121414,3,935,Rural,24-64,0-7500,PrivateUse,109k-257k,2,4547.52831362016,20
2010,POL561380,121414,3,935,Rural,24-64,0-7500,PrivateUse,109k-257k,2,4467.41424457475,28
2006,POL192210,183830,1,1125,Rural,24-64,0-7500,PrivateUse,109k-257k,1,2018.63598695178,27
2007,POL192210,183830,1,1125,Rural,24-64,0-7500,PrivateUse,109k-257k,3,5767.74613211806,32
2008,POL192210,183830,1,1125,Rural,24-64,0-7500,PrivateUse,109k-257k,3,5655.02557283587,20
2009,POL192210,183830,1,1125,Rural,24-64,0-7500,PrivateUse,109k-257k,9,19584.4186407877,29
2010,POL192210,183830,1,1125,Rural,24-64,0-7500,PrivateUse,109k-257k,2,3509.88590647669,21
2006,POL406197,138971,3,1220,Rural,24-64,0-7500,PrivateUse,109k-257k,2,4376.13834489127,34
2007,POL406197,138971,3,1220,Rural,24-64,0-7500,PrivateUse,109k-257k,2,4463.58256068153,20
2008,POL406197,138971,3,1220,Rural,24-64,0-7500,PrivateUse,109k-257k,6,11685.4092978351,26
2009,POL406197,138971,3,1220,Rural,24-64,0-7500,PrivateUse,109k-257k,0,0,31
2010,POL406197,138971,3,1220,Rural,24-64,0-7500,PrivateUse,109k-257k,4,8295.85891949636,19
2006,POL28252,137391,6,1505,Rural,24-64,0-7500,PrivateUse,109k-257k,3,7611.24125003977,33
2007,POL28252,137391,6,1505,Rural,24-64,0-7500,PrivateUse,109k-257k,3,7632.49084585754,27
2008,POL28252,137391,6,1505,Rural,24-64,0-7500,PrivateUse,109k-257k,2,4456.32733119347,31
2009,POL28252,137391,6,1505,Rural,24-64,0-7500,PrivateUse,109k-257k,4,8221.40797127016,31
2010,POL28252,137391,6,1505,Rural,24-64,0-7500,PrivateUse,109k-257k,0,0,21
2006,POL58774,128383,5,1505,Rural,24-64,7500-12500,PrivateUse,109k-257k,3,6368.05261106833,13
2007,POL58774,128383,5,1505,Rural,24-64,7500-12500,PrivateUse,109k-257k,2,3900.10405318725,22
2008,POL58774,128383,5,1505,Rural,24-64,7500-12500,PrivateUse,109k-257k,5,10834.6491854818,19
2009,POL58774,128383,5,1505,Rural,24-64,7500-12500,PrivateUse,109k-257k,1,1693.0114055250301,28
2010,POL58774,128383,5,1505,Rural,24-64,7500-12500,PrivateUse,109k-257k,1,2186.83722831653,13
2006,POL578354,176746,1,1030,Town,24-64,7500-12500,PrivateUse,109k-257k,1,1682.66312676197,17
2007,POL578354,176746,1,1030,Town,24-64,7500-12500,PrivateUse,109k-257k,1,1363.83109883057,24
2008,POL578354,176746,1,1030,Town,24-64,7500-12500,PrivateUse,109k-257k,5,7476.78611501941,22
2009,POL578354,176746,1,1030,Town,24-64,7500-12500,PrivateUse,109k-257k,2,3257.15068809351,19
2010,POL578354,176746,1,1030,Town,24-64,7500-12500,PrivateUse,109k-257k,3,5529.58531937078,27
2006,POL380877,214892,3,1600,City,24-64,7500-12500,PrivateUse,109k-257k,5,5997.76994014557,19
2007,POL380877,214892,3,1600,City,24-64,7500-12500,PrivateUse,109k-257k,4,4880.27280262038,12
2008,POL380877,214892,3,1600,City,24-64,7500-12500,PrivateUse,109k-257k,6,7229.83202037777,22
2009,POL380877,214892,3,1600,City,24-64,7500-12500,PrivateUse,109k-257k,8,10479.9142573758,24
2010,POL380877,214892,3,1600,City,24-64,7500-12500,PrivateUse,109k-257k,5,6756.46810642728,22
2006,POL385401,120387,5,745,City,24-64,> 12500,BusinessUse,109k-257k,2,2861.32718529667,30
2007,POL385401,120387,5,745,City,24-64,> 12500,BusinessUse,109k-257k,3,4806.00710833477,24
2008,POL385401,120387,5,745,City,24-64,> 12500,BusinessUse,109k-257k,6,10045.0957851373,33
2009,POL385401,120387,5,745,City,24-64,> 12500,BusinessUse,109k-257k,4,6941.78599922364,28
2010,POL385401,120387,5,745,City,24-64,> 12500,BusinessUse,109k-257k,5,6857.2923761620405,25
2006,POL939054,148358,5,1315,City,24-64,> 12500,BusinessUse,109k-257k,5,5749.84533826134,26
2007,POL939054,148358,5,1315,City,24-64,> 12500,BusinessUse,109k-257k,3,3675.47138529896,15
2008,POL939054,148358,5,1315,City,24-64,> 12500,BusinessUse,109k-257k,4,5100.42259358241,21
2009,POL939054,148358,5,1315,City,24-64,> 12500,BusinessUse,109k-257k,4,4169.98430561053,30
2010,POL939054,148358,5,1315,City,24-64,> 12500,BusinessUse,109k-257k,3,3786.37432697252,27
2006,POL518902,312671,14,1315,Rural,24-64,> 12500,PrivateUse,257k-735k,4,10261.3063836748,135
2007,POL518902,312671,14,1315,Rural,24-64,> 12500,PrivateUse,257k-735k,6,13353.823273727,135
2008,POL518902,312671,14,1315,Rural,24-64,> 12500,PrivateUse,257k-735k,8,18028.1291165778,143
2009,POL518902,312671,14,1315,Rural,24-64,> 12500,PrivateUse,257k-735k,6,13943.2726398642,120
2010,POL518902,312671,14,1315,Rural,24-64,> 12500,PrivateUse,257k-735k,11,25688.927792154,145
2006,POL398123,278048,14,935,Rural,24-64,7500-12500,BusinessUse,257k-735k,11,25053.8265939434,168
2007,POL398123,278048,14,935,Rural,24-64,7500-12500,BusinessUse,257k-735k,12,28090.1065275377,167
2008,POL398123,278048,14,935,Rural,24-64,7500-12500,BusinessUse,257k-735k,8,18517.9336106882,163
2009,POL398123,278048,14,935,Rural,24-64,7500-12500,BusinessUse,257k-735k,9,19663.7556346105,161
2010,POL398123,278048,14,935,Rural,24-64,7500-12500,BusinessUse,257k-735k,10,23847.5761054667,152
